CREATE DATABASE  IF NOT EXISTS `streengedata` /*!40100 DEFAULT CHARACTER SET utf8mb4 */;
USE `streengedata`;
-- MySQL dump 10.13  Distrib 8.0.29, for Win64 (x86_64)
--
-- Host: 127.0.0.1    Database: streengedata
-- ------------------------------------------------------
-- Server version	5.5.12

/*!40101 SET @OLD_CHARACTER_SET_CLIENT=@@CHARACTER_SET_CLIENT */;
/*!40101 SET @OLD_CHARACTER_SET_RESULTS=@@CHARACTER_SET_RESULTS */;
/*!40101 SET @OLD_COLLATION_CONNECTION=@@COLLATION_CONNECTION */;
/*!50503 SET NAMES utf8 */;
/*!40103 SET @OLD_TIME_ZONE=@@TIME_ZONE */;
/*!40103 SET TIME_ZONE='+00:00' */;
/*!40014 SET @OLD_UNIQUE_CHECKS=@@UNIQUE_CHECKS, UNIQUE_CHECKS=0 */;
/*!40014 SET @OLD_FOREIGN_KEY_CHECKS=@@FOREIGN_KEY_CHECKS, FOREIGN_KEY_CHECKS=0 */;
/*!40101 SET @OLD_SQL_MODE=@@SQL_MODE, SQL_MODE='NO_AUTO_VALUE_ON_ZERO' */;
/*!40111 SET @OLD_SQL_NOTES=@@SQL_NOTES, SQL_NOTES=0 */;

--
-- Table structure for table `bon_commande`
--

DROP TABLE IF EXISTS `bon_commande`;
/*!40101 SET @saved_cs_client     = @@character_set_client */;
/*!50503 SET character_set_client = utf8mb4 */;
CREATE TABLE `bon_commande` (
  `id_bon_commande` varchar(30) NOT NULL,
  `id_client` varchar(30) DEFAULT NULL,
  `id_utilisateur` int(11) DEFAULT NULL,
  `id_stockage` int(10) NOT NULL,
  `date_creation` datetime DEFAULT NULL,
  `date_livraison` date DEFAULT NULL,
  `adresse_livraison` varchar(150) DEFAULT NULL,
  `adresse_facturation` varchar(150) DEFAULT NULL,
  `soumettre_a` varchar(255) DEFAULT NULL,
  `statut` varchar(30) DEFAULT NULL,
  `etat` varchar(30) DEFAULT NULL,
  `date_modification` datetime DEFAULT NULL,
  `cout_livraison` float DEFAULT '0',
  `note` varchar(255) DEFAULT NULL,
  `condition_vente` varchar(255) DEFAULT NULL,
  `description` varchar(255) DEFAULT NULL,
  `remise` float DEFAULT NULL,
  `reference_externe` varchar(150) DEFAULT NULL,
  `id_devis` varchar(30) DEFAULT NULL,
  PRIMARY KEY (`id_bon_commande`),
  KEY `FKBon_comman794415` (`id_client`),
  KEY `FKBon_comman476689` (`id_utilisateur`),
  KEY `FKBon_comman736651` (`id_stockage`),
  KEY `FKBon_comman233474` (`id_devis`),
  CONSTRAINT `FKBon_comman233474` FOREIGN KEY (`id_devis`) REFERENCES `devis` (`id_devis`),
  CONSTRAINT `FKBon_comman476689` FOREIGN KEY (`id_utilisateur`) REFERENCES `utilisateur` (`id`),
  CONSTRAINT `FKBon_comman736651` FOREIGN KEY (`id_stockage`) REFERENCES `stockage` (`id_stockage`),
  CONSTRAINT `FKBon_comman794415` FOREIGN KEY (`id_client`) REFERENCES `client` (`id_client`)
) ENGINE=InnoDB DEFAULT CHARSET=utf8mb4;
/*!40101 SET character_set_client = @saved_cs_client */;

--
-- Dumping data for table `bon_commande`
--

LOCK TABLES `bon_commande` WRITE;
/*!40000 ALTER TABLE `bon_commande` DISABLE KEYS */;
INSERT INTO `bon_commande` VALUES ('BC000001','Cl0003',NULL,1,'2022-09-17 01:24:59','2022-09-10',NULL,NULL,'0','Actif','actif',NULL,3500,'',NULL,'',0,NULL,NULL),('BC000002','Cl0004',NULL,1,'2022-09-17 02:14:50','2022-09-23',NULL,NULL,'','Actif','actif',NULL,0,'',NULL,'',0,NULL,NULL),('BC000003','Cl0001',NULL,1,'2022-09-17 03:02:03','2022-09-24',NULL,NULL,'','Actif','actif',NULL,25000,'Ca passe plutot bien',NULL,'assez satisfesant',0,NULL,NULL),('BC000004',NULL,NULL,1,'2022-09-17 08:31:04',NULL,NULL,NULL,'','Actif','actif',NULL,0,'',NULL,'',0,NULL,NULL),('BC000005',NULL,NULL,1,'2022-09-17 12:16:45',NULL,NULL,NULL,'','Actif','actif',NULL,0,'',NULL,'',0,NULL,NULL),('BC000006','Cl0004',NULL,1,'2022-09-17 12:36:15','2022-09-24',NULL,NULL,'','Actif','actif',NULL,0,'',NULL,'',0,NULL,'DV000010'),('BC000007',NULL,NULL,1,'2022-09-17 13:23:53',NULL,NULL,NULL,'','Actif','actif',NULL,0,'',NULL,'',0,NULL,'DV000011'),('BC000008','Cl0001',NULL,1,'2022-09-17 18:00:39','2022-09-23',NULL,NULL,'','Actif','actif','2022-09-18 15:18:32',3900,'',NULL,'',0,NULL,NULL),('BC000009','Cl0005',NULL,1,'2022-09-18 07:28:03','2022-09-28',NULL,NULL,'','Terminé','actif','2022-09-18 16:07:00',6000,'',NULL,'',0,NULL,'DV000013'),('BC000010',NULL,NULL,2,'2022-09-18 13:38:19',NULL,NULL,NULL,'','Annulé','actif','2022-09-18 16:39:37',0,'',NULL,'',0,NULL,NULL),('BC000011',NULL,NULL,1,'2022-09-18 16:12:22',NULL,NULL,NULL,'','Actif','actif','2022-09-23 13:02:03',0,'tres bien',NULL,'',0,NULL,'DV000014'),('BC000012',NULL,NULL,1,'2022-09-18 19:24:18',NULL,NULL,NULL,'','Actif','actif','2022-09-18 22:17:45',0,'',NULL,'',0,NULL,NULL),('BC000013','Cl0007',NULL,1,'2022-09-19 18:28:31','2022-09-24',NULL,NULL,'','Actif','actif',NULL,2500,'',NULL,'',0,NULL,'DV000015'),('BC000014','Cl0005',NULL,1,'2022-09-20 11:03:34',NULL,NULL,NULL,'','Actif','actif','2022-09-20 11:06:51',0,'',NULL,'',0,NULL,NULL),('BC000015','Cl0003',NULL,1,'2022-09-20 11:15:00','2022-09-22',NULL,NULL,'','Actif','actif','2022-10-20 19:41:02',3500,'',NULL,'',0,NULL,NULL),('BC000016',NULL,NULL,1,'2022-09-20 11:18:12',NULL,NULL,NULL,'','Actif','actif',NULL,0,'',NULL,'',0,NULL,NULL),('BC000017','Cl0005',NULL,1,'2022-09-20 12:02:43','2022-09-22',NULL,NULL,'Rodger...! kings','Actif','actif','2022-09-30 09:31:56',0,'',NULL,'',0,NULL,NULL),('BC000018',NULL,NULL,1,'2022-09-23 01:36:25',NULL,NULL,NULL,'','Annulé','actif',NULL,0,'',NULL,'',0,NULL,NULL),('BC000019',NULL,NULL,1,'2022-09-23 01:57:54',NULL,NULL,NULL,'','Annulé','actif',NULL,0,'',NULL,'',0,NULL,NULL),('BC000020',NULL,NULL,1,'2022-09-27 00:54:07',NULL,NULL,NULL,'','Actif','actif',NULL,0,'',NULL,'',0,NULL,NULL),('BC000021','Cl0006',NULL,1,'2022-09-30 19:24:27',NULL,NULL,NULL,'','Actif','actif','2022-10-05 23:56:43',0,'tres bon ',NULL,'bon de commande creee a partir du document:15623',0,NULL,NULL),('BC000022',NULL,NULL,1,'2022-09-30 20:11:07',NULL,NULL,NULL,'','Actif','actif',NULL,0,'',NULL,'',0,NULL,'DV000019'),('BC000023',NULL,NULL,2,'2022-10-12 15:02:57',NULL,NULL,NULL,'','Actif','actif',NULL,0,'',NULL,'',0,NULL,NULL),('BC000024','Cl0009',NULL,1,'2022-10-14 15:39:19',NULL,NULL,NULL,'Mt albert','Actif','actif','2022-10-22 21:43:17',0,'',NULL,'',0,NULL,NULL),('BC000025','Cl0005',NULL,1,'2022-10-19 17:41:14',NULL,NULL,NULL,'','Actif','actif','2022-10-19 17:48:17',0,'Nous somme heureux de travailler avec vous',NULL,'',0,NULL,'DV000023'),('BC000026',NULL,3,1,'2022-10-25 17:33:05',NULL,NULL,NULL,'','Actif','actif','2022-10-25 17:52:05',0,'',NULL,'',0,NULL,NULL),('BC000027',NULL,1,1,'2022-10-25 21:29:37',NULL,NULL,NULL,'remont','Terminé','actif','2022-11-04 10:13:21',0,'',NULL,'',0,NULL,NULL),('BC000028',NULL,2,1,'2022-10-28 08:39:41',NULL,NULL,NULL,'','Terminé','actif','2022-11-03 10:50:22',0,'',NULL,'',0,NULL,NULL),('BC000029',NULL,1,1,'2022-11-03 10:06:12',NULL,NULL,NULL,'','Terminé','actif',NULL,0,'',NULL,'',0,NULL,NULL),('BC000030',NULL,2,1,'2022-11-03 14:01:12',NULL,NULL,NULL,'','Actif','actif',NULL,0,'',NULL,'',0,NULL,NULL),('BC000031',NULL,1,1,'2022-11-03 14:48:29',NULL,NULL,NULL,'','Terminé','actif','2022-11-19 10:47:03',0,'',NULL,'',0,NULL,NULL),('BC000032',NULL,1,1,'2022-11-07 12:41:56',NULL,NULL,NULL,'Tom','Actif','actif',NULL,0,'',NULL,'',0,NULL,NULL),('BC000033',NULL,1,1,'2022-11-19 20:03:37',NULL,NULL,NULL,'','Actif','actif',NULL,0,'',NULL,'',0,NULL,'DV000029'),('BC000034',NULL,4,1,'2022-11-19 20:17:00',NULL,NULL,NULL,'','Actif','actif',NULL,0,'',NULL,'',0,NULL,'DV000030'),('BC000035',NULL,1,1,'2022-11-19 20:27:04',NULL,NULL,NULL,'','Actif','actif',NULL,0,'',NULL,'',0,NULL,'DV000032'),('BC000036',NULL,4,1,'2022-11-19 20:31:52',NULL,NULL,NULL,'','Actif','actif',NULL,0,'',NULL,'',0,NULL,'DV000033'),('BC000037',NULL,1,1,'2022-11-22 11:52:47',NULL,NULL,NULL,'','Actif','actif',NULL,0,'',NULL,'',0,NULL,NULL),('BC000038',NULL,1,1,'2022-11-25 15:12:53',NULL,NULL,NULL,'','Actif','actif',NULL,0,'',NULL,'',0,NULL,NULL),('BC000039',NULL,1,1,'2022-11-25 18:02:04',NULL,NULL,NULL,'','Actif','actif',NULL,0,'',NULL,'',0,NULL,NULL);
/*!40000 ALTER TABLE `bon_commande` ENABLE KEYS */;
UNLOCK TABLES;

--
-- Table structure for table `bon_livraison`
--

DROP TABLE IF EXISTS `bon_livraison`;
/*!40101 SET @saved_cs_client     = @@character_set_client */;
/*!50503 SET character_set_client = utf8mb4 */;
CREATE TABLE `bon_livraison` (
  `id_bon_livraison` varchar(30) NOT NULL,
  `id_bon_commande` varchar(30) NOT NULL,
  `date_creation` datetime DEFAULT NULL,
  `date_livraison` date DEFAULT NULL,
  `adresse_livraison` varchar(150) DEFAULT NULL,
  `statut` varchar(30) DEFAULT NULL,
  `etat` varchar(30) DEFAULT NULL,
  `date_modification` datetime DEFAULT NULL,
  `note` varchar(255) DEFAULT NULL,
  `description` varchar(255) DEFAULT NULL,
  `id_utilisateur` int(11) DEFAULT NULL,
  PRIMARY KEY (`id_bon_livraison`),
  KEY `FKBon_Livrai467512` (`id_bon_commande`),
  KEY `FKBON_LIVRAISON_USER_idx` (`id_utilisateur`),
  CONSTRAINT `FKBon_Livrai467512` FOREIGN KEY (`id_bon_commande`) REFERENCES `bon_commande` (`id_bon_commande`),
  CONSTRAINT `FKBON_LIVRAISON_USER` FOREIGN KEY (`id_utilisateur`) REFERENCES `utilisateur` (`id`) ON DELETE NO ACTION ON UPDATE NO ACTION
) ENGINE=InnoDB DEFAULT CHARSET=utf8mb4;
/*!40101 SET character_set_client = @saved_cs_client */;

--
-- Dumping data for table `bon_livraison`
--

LOCK TABLES `bon_livraison` WRITE;
/*!40000 ALTER TABLE `bon_livraison` DISABLE KEYS */;
INSERT INTO `bon_livraison` VALUES ('BL000001','BC000017','2022-09-20 22:55:44','2022-09-22',NULL,'Annulé','actif',NULL,'','',NULL),('BL000002','BC000017','2022-09-20 22:57:42','2022-09-22',NULL,'Annulé','actif',NULL,'','',NULL),('BL000003','BC000017','2022-09-20 23:00:42','2022-09-24',NULL,'Annulé','actif','2022-09-22 02:29:53','','',NULL),('BL000004','BC000015','2022-09-20 23:33:45','2022-09-22',NULL,'En attente','actif',NULL,'','',NULL),('BL000005','BC000015','2022-09-20 23:34:15','2022-09-22',NULL,'Annulé','actif',NULL,'','',NULL),('BL000006','BC000014','2022-09-21 19:46:44',NULL,NULL,'Livré','actif',NULL,'','',NULL),('BL000007','BC000019','2022-09-23 01:59:05','2022-10-02',NULL,'Annulé','actif','2022-09-30 02:00:29','','',NULL),('BL000008','BC000019','2022-09-23 02:03:03',NULL,NULL,'Annulé','actif',NULL,'','',NULL),('BL000009','BC000013','2022-09-23 07:47:36','2022-09-26',NULL,'Livré','actif',NULL,'','',NULL),('BL000010','BC000018','2022-09-26 07:22:51',NULL,NULL,'Annulé','actif',NULL,'','',NULL),('BL000011','BC000018','2022-09-26 07:23:09',NULL,NULL,'Annulé','actif',NULL,'','',NULL),('BL000012','BC000017','2022-09-26 12:52:26','2022-09-22',NULL,'Annulé','actif',NULL,'','',NULL),('BL000013','BC000017','2022-09-30 00:15:50','2022-09-22',NULL,'Annulé','actif',NULL,'','',NULL),('BL000014','BC000019','2022-09-30 01:59:22',NULL,NULL,'Annulé','actif',NULL,'','',NULL),('BL000015','BC000017','2022-09-30 09:19:22','2022-09-22',NULL,'Annulé','actif',NULL,'','',NULL),('BL000016','BC000009','2022-09-30 16:15:49','2022-09-28',NULL,'Livré','actif',NULL,'','',NULL),('BL000017','BC000021','2022-09-30 19:43:21','2022-10-01',NULL,'Annulé','actif',NULL,'tres bon ','bon de commande creee a partir du document:15623',NULL),('BL000018','BC000021','2022-09-30 19:48:11',NULL,NULL,'Annulé','actif',NULL,'tres bon ','bon de commande creee a partir du document:15623',NULL),('BL000019','BC000021','2022-09-30 19:49:35','2022-10-08',NULL,'Annulé','actif',NULL,'tres bon ','bon de commande creee a partir du document:15623',NULL),('BL000020','BC000022','2022-09-30 20:16:38',NULL,NULL,'Livré','actif',NULL,'','',NULL),('BL000021','BC000024','2022-10-14 15:43:00',NULL,NULL,'Livré','actif',NULL,'','',NULL),('BL000022','BC000025','2022-10-19 17:44:32','2022-10-21',NULL,'Livré','actif',NULL,'','',NULL),('BL000023','BC000026','2022-10-25 17:51:29',NULL,NULL,'Annulé','actif',NULL,'','',NULL),('BL000024','BC000027','2022-10-25 21:57:42',NULL,NULL,'Livré','actif',NULL,'','',1),('BL000025','BC000028','2022-11-02 15:42:06',NULL,NULL,'Livré','actif',NULL,'','',1),('BL000026','BC000028','2022-11-02 15:42:41',NULL,NULL,'Annulé','actif',NULL,'','',1),('BL000027','BC000012','2022-11-02 19:44:43',NULL,NULL,'Livré','actif',NULL,'','',1),('BL000028','BC000007','2022-11-02 19:47:33',NULL,NULL,'Livré','actif',NULL,'','',1),('BL000029','BC000007','2022-11-02 19:47:50',NULL,NULL,'Livré','actif',NULL,'','',1),('BL000030','BC000007','2022-11-02 19:48:06',NULL,NULL,'En attente','actif',NULL,'','',1),('BL000031','BC000028','2022-11-02 19:48:43',NULL,NULL,'Annulé','actif',NULL,'','',1),('BL000032','BC000029','2022-11-03 10:06:26',NULL,NULL,'Livré','actif',NULL,'','',1),('BL000033','BC000028','2022-11-03 10:50:31',NULL,NULL,'Annulé','actif',NULL,'','',2),('BL000034','BC000028','2022-11-03 11:24:21',NULL,NULL,'Livré','actif',NULL,'','',1),('BL000035','BC000011','2022-11-03 11:27:19',NULL,NULL,'En préparation','actif',NULL,'tres bien','',1),('BL000036','BC000030','2022-11-03 14:01:18',NULL,NULL,'Livré','actif',NULL,'','',2),('BL000037','BC000031','2022-11-03 14:48:37',NULL,NULL,'Livré','actif',NULL,'','',1),('BL000038','BC000031','2022-11-03 14:48:45',NULL,NULL,'Livré','actif',NULL,'','',1),('BL000039','BC000035','2022-11-19 20:55:57',NULL,NULL,'En attente','actif',NULL,'','',4),('BL000040','BC000039','2022-11-25 18:02:26',NULL,NULL,'Annulé','actif',NULL,'','',1),('BL000041','BC000039','2022-11-25 18:48:47',NULL,NULL,'Annulé','actif',NULL,'','',1);
/*!40000 ALTER TABLE `bon_livraison` ENABLE KEYS */;
UNLOCK TABLES;

--
-- Table structure for table `categorie`
--

DROP TABLE IF EXISTS `categorie`;
/*!40101 SET @saved_cs_client     = @@character_set_client */;
/*!50503 SET character_set_client = utf8mb4 */;
CREATE TABLE `categorie` (
  `id_categorie` varchar(30) NOT NULL,
  `nom` varchar(50) NOT NULL,
  `description` varchar(200) DEFAULT NULL,
  `id` int(11) NOT NULL,
  PRIMARY KEY (`id_categorie`),
  UNIQUE KEY `nom` (`nom`),
  UNIQUE KEY `id` (`id`)
) ENGINE=InnoDB DEFAULT CHARSET=utf8mb4;
/*!40101 SET character_set_client = @saved_cs_client */;

--
-- Dumping data for table `categorie`
--

LOCK TABLES `categorie` WRITE;
/*!40000 ALTER TABLE `categorie` DISABLE KEYS */;
INSERT INTO `categorie` VALUES ('CAT000002','Antibiothique','Lutte contre les bacteries',2),('CAT000003','Antalgiques',NULL,3),('CAT000004','Antisepthique',NULL,4),('CAT0001','Produits divers nature','Produits n\'eyant pas de categorie spécifique',1);
/*!40000 ALTER TABLE `categorie` ENABLE KEYS */;
UNLOCK TABLES;

--
-- Table structure for table `client`
--

DROP TABLE IF EXISTS `client`;
/*!40101 SET @saved_cs_client     = @@character_set_client */;
/*!50503 SET character_set_client = utf8mb4 */;
CREATE TABLE `client` (
  `id_client` varchar(30) NOT NULL,
  `nom` varchar(50) NOT NULL,
  `telephone` varchar(30) DEFAULT NULL,
  `email` varchar(30) DEFAULT NULL,
  `statut` varchar(30) DEFAULT NULL,
  `etat` varchar(30) DEFAULT 'actif',
  `adresse` varchar(100) DEFAULT NULL,
  `description` varchar(255) DEFAULT NULL,
  `date_ajout` date DEFAULT NULL,
  PRIMARY KEY (`id_client`),
  UNIQUE KEY `nom` (`nom`),
  UNIQUE KEY `nom_2` (`nom`),
  UNIQUE KEY `nom_3` (`nom`)
) ENGINE=InnoDB DEFAULT CHARSET=utf8mb4;
/*!40101 SET character_set_client = @saved_cs_client */;

--
-- Dumping data for table `client`
--

LOCK TABLES `client` WRITE;
/*!40000 ALTER TABLE `client` DISABLE KEYS */;
INSERT INTO `client` VALUES ('Cl0001','maechel','','',NULL,'actif','Cameroun::::::Yaoundé::','','2022-08-13'),('Cl0002','rogriez','','',NULL,'actif','Cameroun::::::Yaoundé::','','2022-08-13'),('Cl0003','alfredo','','',NULL,'actif','Cameroun::Ngousso,derriere santa lucia::::Yaoundé::','','2022-08-13'),('Cl0004','Adebahor','+237699134647','stadjou.megasoft@gmail.com',NULL,'actif','Cameroun::Ngousso,eleveur,petit marché::::Yaoundé::','Mauvais clients','2022-08-13'),('Cl0005','Laurel','621548956','',NULL,'actif','Cameroun::::::Yaoundé::','Cients de l\'huile mayor','2022-08-30'),('Cl0006','Lissom Moise','+237699134647','',NULL,'actif','Cameroun::Nkolmessing::::Yaoundé::','Tres bon client','2022-09-04'),('Cl0007','Ledoux','682492401','ledoux@gmail.com',NULL,'actif','Cameroun::Santa lucia ngousso::monte eleveur::Yaoundé::','','2022-09-11'),('Cl0008','vatis','6845932','',NULL,'actif','Cameroun::safca ngousso::::Yaoundé::','','2022-09-13'),('Cl0009','Nandjo','6512294896','',NULL,'actif','Cameroun::Nkolfoulou::::Yaoundé::','','2022-10-13'),('Cl0010','Herman','69856411','stadjou.megasoft@gmail.com',NULL,'actif','Cameroun::Emana::::Yaoundé::','','2022-10-13'),('Cl0011','Vente journaliere','','',NULL,'actif','Cameroun::::::Yaoundé::','','2022-10-17'),('Cl0012','10 carton x10','','',NULL,'actif','Cameroun::::::Yaoundé::','','2022-11-03');
/*!40000 ALTER TABLE `client` ENABLE KEYS */;
UNLOCK TABLES;

--
-- Table structure for table `devis`
--

DROP TABLE IF EXISTS `devis`;
/*!40101 SET @saved_cs_client     = @@character_set_client */;
/*!50503 SET character_set_client = utf8mb4 */;
CREATE TABLE `devis` (
  `id_devis` varchar(30) NOT NULL,
  `id_client` varchar(30) DEFAULT NULL,
  `id_utilisateur` int(11) DEFAULT NULL,
  `id_stockage` int(10) NOT NULL,
  `date_creation` datetime DEFAULT NULL,
  `date_livraison` date DEFAULT NULL,
  `date_expiration` date DEFAULT NULL,
  `adresse_livraison` varchar(150) DEFAULT NULL,
  `adresse_facturation` varchar(150) DEFAULT NULL,
  `soumettre_a` varchar(255) DEFAULT NULL,
  `statut` varchar(30) DEFAULT NULL,
  `etat` varchar(30) DEFAULT NULL,
  `date_modification` datetime DEFAULT NULL,
  `cout_livraison` float DEFAULT '0',
  `note` varchar(255) DEFAULT NULL,
  `condition_vente` varchar(255) DEFAULT NULL,
  `description` varchar(255) DEFAULT NULL,
  `remise` float DEFAULT NULL,
  `reference_externe` varchar(150) DEFAULT NULL,
  PRIMARY KEY (`id_devis`),
  KEY `FKDevis320243` (`id_utilisateur`),
  KEY `FKDevis2517` (`id_client`),
  KEY `FKDevis438006` (`id_stockage`),
  CONSTRAINT `FKDevis2517` FOREIGN KEY (`id_client`) REFERENCES `client` (`id_client`),
  CONSTRAINT `FKDevis320243` FOREIGN KEY (`id_utilisateur`) REFERENCES `utilisateur` (`id`),
  CONSTRAINT `FKDevis438006` FOREIGN KEY (`id_stockage`) REFERENCES `stockage` (`id_stockage`)
) ENGINE=InnoDB DEFAULT CHARSET=utf8mb4;
/*!40101 SET character_set_client = @saved_cs_client */;

--
-- Dumping data for table `devis`
--

LOCK TABLES `devis` WRITE;
/*!40000 ALTER TABLE `devis` DISABLE KEYS */;
INSERT INTO `devis` VALUES ('DV000001','Cl0005',NULL,1,'2022-09-14 21:37:44','2022-09-23','2022-09-03',NULL,NULL,'','Accepté et transformé','actif',NULL,2500,'',NULL,'',0,NULL),('DV000002','Cl0008',NULL,1,'2022-09-14 21:45:45',NULL,NULL,NULL,NULL,'','Accepté et transformé','actif','2022-09-15 08:40:42',0,'',NULL,'C\'est cool ca fonctionne plutot bien',0,NULL),('DV000003','Cl0002',NULL,1,'2022-09-15 07:24:43','2022-09-29','2022-09-30',NULL,NULL,'Mr haland','Rejeté','actif',NULL,3500,'',NULL,'',0,NULL),('DV000004','Cl0006',NULL,1,'2022-09-15 12:22:51',NULL,NULL,NULL,NULL,'','Accepté et transformé','actif',NULL,0,'',NULL,'',0,NULL),('DV000005',NULL,NULL,1,'2022-09-15 12:24:49',NULL,NULL,NULL,NULL,'','Accepté et transformé','actif',NULL,0,'',NULL,'',0,NULL),('DV000006','Cl0007',NULL,1,'2022-09-15 12:38:45',NULL,NULL,NULL,NULL,'','Accepté et transformé','actif','2022-09-15 15:07:32',0,'tres beau ballais',NULL,'',0,NULL),('DV000007','Cl0006',NULL,1,'2022-09-16 12:09:30','2022-09-22','2022-09-15',NULL,NULL,'','Accepté et transformé','actif','2022-09-16 12:09:51',1500,'',NULL,'',0,NULL),('DV000008','Cl0006',NULL,1,'2022-09-17 11:01:33','2022-09-23','2022-09-15',NULL,NULL,'g','Accepté et transformé','actif','2022-09-17 11:02:16',0,'c\'est bien',NULL,'pas mal du tout',0,NULL),('DV000009',NULL,NULL,1,'2022-09-17 12:16:39',NULL,NULL,NULL,NULL,'','Accepté et transformé','actif',NULL,0,'',NULL,'',0,NULL),('DV000010','Cl0004',NULL,1,'2022-09-17 12:36:12','2022-09-24','2022-09-24',NULL,NULL,'','Accepté et transformé','actif',NULL,0,'',NULL,'',0,NULL),('DV000011',NULL,NULL,1,'2022-09-17 13:23:47',NULL,NULL,NULL,NULL,'','Accepté et transformé','actif',NULL,0,'',NULL,'',0,NULL),('DV000012','Cl0006',NULL,1,'2022-09-18 07:14:47','2022-09-21','2022-09-15',NULL,NULL,'n','Accepté et transformé','actif',NULL,3500,'',NULL,'',0,NULL),('DV000013','Cl0005',NULL,1,'2022-09-18 07:27:51','2022-09-28','2022-09-29',NULL,NULL,'','Accepté et transformé','actif',NULL,6000,'',NULL,'',0,NULL),('DV000014',NULL,NULL,1,'2022-09-18 16:12:18',NULL,NULL,NULL,NULL,'','Accepté et transformé','actif',NULL,0,'',NULL,'',0,NULL),('DV000015','Cl0007',NULL,1,'2022-09-19 18:28:25','2022-09-24','2022-09-24',NULL,NULL,'','Accepté et transformé','actif','2022-09-23 11:53:08',2500,'',NULL,'',0,NULL),('DV000016',NULL,NULL,1,'2022-09-21 21:28:43',NULL,NULL,NULL,NULL,'','Rejeté','actif',NULL,0,'',NULL,'',0,NULL),('DV000017','Cl0006',NULL,1,'2022-09-23 12:01:39','2022-09-30','2022-09-30',NULL,NULL,'','Accepté et transformé','actif','2022-09-23 12:02:06',3500,'',NULL,'',0,NULL),('DV000018','Cl0006',NULL,1,'2022-09-30 20:06:37',NULL,NULL,NULL,NULL,'','Accepté et transformé','actif',NULL,0,'',NULL,'',0,NULL),('DV000019',NULL,NULL,1,'2022-09-30 20:11:02',NULL,NULL,NULL,NULL,'','Accepté et transformé','actif','2022-10-05 12:59:02',0,'',NULL,'',0,NULL),('DV000020',NULL,NULL,1,'2022-10-13 13:03:50',NULL,NULL,NULL,NULL,'','Accepté et transformé','actif',NULL,0,'',NULL,'',0,NULL),('DV000021','Cl0009',NULL,1,'2022-10-14 15:35:05','2022-10-26',NULL,NULL,NULL,'','Accepté et transformé','actif',NULL,2500,'',NULL,'',0,NULL),('DV000022',NULL,NULL,1,'2022-10-17 15:32:39',NULL,NULL,NULL,NULL,'','Accepté et transformé','actif',NULL,0,'',NULL,'',0,NULL),('DV000023','Cl0005',NULL,1,'2022-10-19 17:38:02',NULL,NULL,NULL,NULL,'','Accepté et transformé','actif','2022-10-19 17:39:55',0,'Nous somme heureux de travailler avec vous',NULL,'',0,NULL),('DV000025',NULL,2,1,'2022-10-20 22:34:37',NULL,NULL,NULL,NULL,'','Accepté et transformé','actif',NULL,0,'',NULL,'',0,NULL),('DV000026',NULL,1,1,'2022-11-03 11:30:47',NULL,NULL,NULL,NULL,'','Accepté et transformé','actif',NULL,0,'',NULL,'',0,NULL),('DV000027','Cl0010',1,1,'2022-11-17 18:11:28',NULL,'2022-11-30',NULL,NULL,'','Accepté et transformé','actif',NULL,1500,'',NULL,'',0,NULL),('DV000028',NULL,4,1,'2022-11-19 19:28:52',NULL,NULL,NULL,NULL,'','Accepté et transformé','actif',NULL,0,'',NULL,'',0,NULL),('DV000029',NULL,1,1,'2022-11-19 20:02:28',NULL,NULL,NULL,NULL,'','Accepté et transformé','actif',NULL,0,'',NULL,'',0,NULL),('DV000030',NULL,1,1,'2022-11-19 20:10:14',NULL,NULL,NULL,NULL,'','Accepté et transformé','actif',NULL,0,'',NULL,'',0,NULL),('DV000031',NULL,4,1,'2022-11-19 20:18:45',NULL,NULL,NULL,NULL,'','Accepté et transformé','actif',NULL,0,'',NULL,'',0,NULL),('DV000032',NULL,4,1,'2022-11-19 20:24:33',NULL,NULL,NULL,NULL,'','Accepté et transformé','actif',NULL,0,'',NULL,'',0,NULL),('DV000033',NULL,1,1,'2022-11-19 20:31:38',NULL,NULL,NULL,NULL,'','Accepté et transformé','actif','2022-11-19 20:35:39',0,'',NULL,'',0,NULL),('DV000034',NULL,1,1,'2022-11-25 19:00:19',NULL,NULL,NULL,NULL,'','Accepté et transformé','actif',NULL,0,'',NULL,'',0,NULL),('DV000035',NULL,1,1,'2022-11-25 20:35:58',NULL,NULL,NULL,NULL,'','En attente','actif',NULL,0,'',NULL,'',0,NULL),('DV000036',NULL,1,1,'2022-11-25 20:45:52',NULL,NULL,NULL,NULL,'','En attente','actif',NULL,2500,'',NULL,'',0,NULL),('DV000037',NULL,1,1,'2022-11-25 20:46:23',NULL,NULL,NULL,NULL,'','Accepté et transformé','actif',NULL,0,'',NULL,'',0,NULL);
/*!40000 ALTER TABLE `devis` ENABLE KEYS */;
UNLOCK TABLES;

--
-- Table structure for table `entreprise`
--

DROP TABLE IF EXISTS `entreprise`;
/*!40101 SET @saved_cs_client     = @@character_set_client */;
/*!50503 SET character_set_client = utf8mb4 */;
CREATE TABLE `entreprise` (
  `id` int(11) NOT NULL AUTO_INCREMENT,
  `nom` varchar(100) DEFAULT NULL,
  `telephone` varchar(40) DEFAULT NULL,
  `email` varchar(50) DEFAULT NULL,
  `site_web` varchar(80) DEFAULT NULL,
  `adresse` varchar(100) DEFAULT NULL,
  `pays` varchar(50) DEFAULT 'Cameroun',
  `devise` varchar(100) DEFAULT NULL,
  `monaie_facture` varchar(30) DEFAULT 'XAF',
  `niu` varchar(100) DEFAULT NULL,
  `adresse2` varchar(100) DEFAULT NULL,
  `ville` varchar(100) DEFAULT NULL,
  PRIMARY KEY (`id`)
) ENGINE=InnoDB AUTO_INCREMENT=2 DEFAULT CHARSET=utf8mb4;
/*!40101 SET character_set_client = @saved_cs_client */;

--
-- Dumping data for table `entreprise`
--

LOCK TABLES `entreprise` WRITE;
/*!40000 ALTER TABLE `entreprise` DISABLE KEYS */;
INSERT INTO `entreprise` VALUES (1,'ETS THE BEST','697580018','lontsibyly@gmail.com','www.streengeApp.com','Ébolowa, face Bengo hôtel','Cameroun','<<LE PRIX, LA  QUALITÉ ET LA PONCTULITÉ SONT NOS PRIORITÉS>>','XAF','M1524785P2','','Ébolowa');
/*!40000 ALTER TABLE `entreprise` ENABLE KEYS */;
UNLOCK TABLES;

--
-- Table structure for table `facture`
--

DROP TABLE IF EXISTS `facture`;
/*!40101 SET @saved_cs_client     = @@character_set_client */;
/*!50503 SET character_set_client = utf8mb4 */;
CREATE TABLE `facture` (
  `id_facture` varchar(30) NOT NULL,
  `id_client` varchar(30) DEFAULT NULL,
  `id_utilisateur` int(11) DEFAULT NULL,
  `id_stockage` int(10) NOT NULL,
  `date_creation` datetime DEFAULT NULL,
  `date_echeance` date DEFAULT NULL,
  `adresse` varchar(150) DEFAULT NULL,
  `statut` varchar(30) DEFAULT NULL,
  `etat` varchar(30) DEFAULT NULL,
  `date_modification` datetime DEFAULT NULL,
  `cout_livraison` float DEFAULT '0',
  `note` varchar(255) DEFAULT NULL,
  `condition_vente` varchar(255) DEFAULT NULL,
  `description` varchar(255) DEFAULT NULL,
  `id_bon_commande` varchar(30) DEFAULT NULL,
  `date_livraison` date DEFAULT NULL,
  `id_devis` varchar(30) DEFAULT NULL,
  `soumettre_a` varchar(150) DEFAULT NULL,
  `id_utilisateur_alter` int(11) DEFAULT NULL,
  PRIMARY KEY (`id_facture`),
  KEY `FKFacture468539` (`id_utilisateur`),
  KEY `effectuer dans un stokage` (`id_stockage`),
  KEY `un client possede` (`id_client`),
  KEY `FKFacture125040` (`id_bon_commande`),
  KEY `FKFacture288245` (`id_devis`),
  KEY `utilisateur_modifiant1452_idx` (`id_utilisateur_alter`),
  CONSTRAINT `effectuer dans un stokage` FOREIGN KEY (`id_stockage`) REFERENCES `stockage` (`id_stockage`),
  CONSTRAINT `FKFacture125040` FOREIGN KEY (`id_bon_commande`) REFERENCES `bon_commande` (`id_bon_commande`),
  CONSTRAINT `FKFacture288245` FOREIGN KEY (`id_devis`) REFERENCES `devis` (`id_devis`),
  CONSTRAINT `FKFacture468539` FOREIGN KEY (`id_utilisateur`) REFERENCES `utilisateur` (`id`),
  CONSTRAINT `un client possede` FOREIGN KEY (`id_client`) REFERENCES `client` (`id_client`),
  CONSTRAINT `utilisateur_modifiant1452` FOREIGN KEY (`id_utilisateur_alter`) REFERENCES `utilisateur` (`id`) ON DELETE NO ACTION ON UPDATE NO ACTION
) ENGINE=InnoDB DEFAULT CHARSET=utf8mb4;
/*!40101 SET character_set_client = @saved_cs_client */;

--
-- Dumping data for table `facture`
--

LOCK TABLES `facture` WRITE;
/*!40000 ALTER TABLE `facture` DISABLE KEYS */;
INSERT INTO `facture` VALUES ('FA000001',NULL,NULL,1,'2022-08-31 12:00:00',NULL,NULL,'Non payé','actif',NULL,0,'',NULL,'',NULL,NULL,NULL,NULL,NULL),('FA000002',NULL,NULL,1,'2022-08-31 12:00:00',NULL,NULL,NULL,'actif',NULL,0,'',NULL,'',NULL,NULL,NULL,NULL,NULL),('FA000003',NULL,NULL,1,'2022-08-31 12:00:00',NULL,NULL,'Non payé','actif',NULL,0,'',NULL,'',NULL,NULL,NULL,NULL,NULL),('FA000004',NULL,NULL,1,'2022-09-01 09:00:00',NULL,NULL,'Non payé','actif',NULL,0,'',NULL,'',NULL,NULL,NULL,NULL,NULL),('FA000005','Cl0005',NULL,2,'2022-09-01 09:00:00',NULL,NULL,'Non payé','actif',NULL,3250,'',NULL,'',NULL,NULL,NULL,NULL,NULL),('FA000006','Cl0004',NULL,1,'2022-09-01 09:00:00',NULL,NULL,'Non payé','actif',NULL,5499,'voici une notes a faire apparaitre sur la facture',NULL,'il s\'agit ici de la note interne qui a été saisir pas mois pour la fête',NULL,NULL,NULL,NULL,NULL),('FA000007','Cl0005',NULL,1,'2022-09-02 09:00:00',NULL,NULL,'Non payé','actif',NULL,0,'',NULL,'',NULL,NULL,NULL,NULL,NULL),('FA000008','Cl0003',NULL,2,'2022-09-02 12:00:00',NULL,NULL,'Non payé','actif',NULL,9500,'',NULL,'',NULL,NULL,NULL,NULL,NULL),('FA000009',NULL,NULL,1,'2022-09-02 12:00:00',NULL,NULL,'Non payé','actif',NULL,0,'',NULL,'',NULL,NULL,NULL,NULL,NULL),('FA000010','Cl0005',NULL,1,'2022-09-03 12:00:00',NULL,NULL,'Payé','actif',NULL,1000,'',NULL,'',NULL,NULL,NULL,NULL,NULL),('FA000011','Cl0005',NULL,1,'2022-09-03 10:00:00',NULL,NULL,'Payé','actif',NULL,1000,'',NULL,'',NULL,NULL,NULL,NULL,NULL),('FA000012','Cl0005',NULL,1,'2022-09-03 10:00:00',NULL,NULL,'Partiellement payé','actif',NULL,1300,'',NULL,'',NULL,NULL,NULL,NULL,NULL),('FA000013',NULL,NULL,1,'2022-09-03 10:00:00',NULL,NULL,'Partiellement payé','actif',NULL,500,'',NULL,'',NULL,NULL,NULL,NULL,NULL),('FA000014',NULL,NULL,1,'2022-09-03 04:00:00',NULL,NULL,'Payé','actif',NULL,0,'',NULL,'',NULL,NULL,NULL,NULL,NULL),('FA000015','Cl0005',NULL,1,'2022-09-04 20:00:00',NULL,NULL,'Partiellement payé','actif',NULL,1250,'',NULL,'',NULL,NULL,NULL,NULL,NULL),('FA000016','Cl0001',NULL,1,'2022-09-04 05:30:00',NULL,NULL,'Payé','actif',NULL,750,'',NULL,'',NULL,NULL,NULL,NULL,NULL),('FA000017',NULL,NULL,1,'2022-09-04 18:00:00',NULL,NULL,'Partiellement payé','actif','2022-09-15 08:09:55',0,'',NULL,'Client qui m\'a trop deranger',NULL,NULL,NULL,NULL,NULL),('FA000018','Cl0006',NULL,1,'2022-09-04 18:00:00',NULL,NULL,'Partiellement payé','actif',NULL,1500,'',NULL,'',NULL,NULL,NULL,NULL,NULL),('FA000019','Cl0006',NULL,1,'2022-09-05 08:00:00',NULL,NULL,'Payé','actif',NULL,1300,'',NULL,'',NULL,NULL,NULL,NULL,NULL),('FA000020','Cl0006',NULL,1,'2022-09-05 08:00:00',NULL,NULL,'Partiellement payé','actif',NULL,2500,'',NULL,'',NULL,NULL,NULL,NULL,NULL),('FA000021',NULL,NULL,1,'2022-09-05 08:00:00',NULL,NULL,'Non payé','actif',NULL,0,'',NULL,'',NULL,NULL,NULL,NULL,NULL),('FA000022','Cl0006',NULL,1,'2022-09-06 08:00:00',NULL,NULL,'Partiellement payé','actif',NULL,8500,'',NULL,'',NULL,NULL,NULL,NULL,NULL),('FA000023',NULL,NULL,1,'2022-09-06 08:00:00',NULL,NULL,'Non payé','actif',NULL,0,'',NULL,'',NULL,NULL,NULL,NULL,NULL),('FA000024',NULL,NULL,1,'2022-09-06 08:00:00',NULL,NULL,'Payé','actif',NULL,0,'',NULL,'',NULL,NULL,NULL,NULL,NULL),('FA000025',NULL,NULL,1,'2022-09-06 20:00:00',NULL,NULL,'Non payé','actif',NULL,1300,'',NULL,'',NULL,NULL,NULL,NULL,NULL),('FA000026',NULL,NULL,1,'2022-09-06 19:02:00',NULL,NULL,'Payé','actif',NULL,0,'',NULL,'',NULL,NULL,NULL,NULL,NULL),('FA000027',NULL,NULL,1,'2022-09-06 19:21:00',NULL,NULL,'Partiellement payé','actif',NULL,0,'',NULL,'',NULL,NULL,NULL,NULL,NULL),('FA000028',NULL,NULL,1,'2022-09-06 22:22:00',NULL,NULL,'Non payé','actif',NULL,0,'',NULL,'',NULL,NULL,NULL,NULL,NULL),('FA000029',NULL,NULL,1,'2022-09-07 00:24:00',NULL,NULL,'Non payé','actif',NULL,0,'tres belle facture',NULL,'',NULL,NULL,NULL,NULL,NULL),('FA000030','Cl0006',NULL,1,'2022-09-07 07:52:00',NULL,NULL,'Payé','actif',NULL,3500,'',NULL,'',NULL,NULL,NULL,NULL,NULL),('FA000031','Cl0005',NULL,1,'2022-09-14 21:36:54','2022-09-16',NULL,'Non payé','actif',NULL,2500,'',NULL,'',NULL,NULL,NULL,NULL,NULL),('FA000032','Cl0005',NULL,1,'2022-09-14 21:37:49',NULL,NULL,'Partiellement payé','actif',NULL,2500,'',NULL,'',NULL,'2022-09-23',NULL,NULL,NULL),('FA000033','Cl0008',NULL,1,'2022-09-14 21:45:48',NULL,NULL,'Partiellement payé','actif',NULL,0,'',NULL,'',NULL,NULL,'DV000002',NULL,NULL),('FA000034','Cl0002',NULL,1,'2022-09-15 07:25:50',NULL,NULL,'Non payé','actif','2022-09-15 08:19:49',3500,'',NULL,'',NULL,'2022-09-29','DV000003',NULL,NULL),('FA000035','Cl0004',NULL,2,'2022-09-15 08:18:47',NULL,NULL,'Payé','actif',NULL,2500,'',NULL,'',NULL,NULL,NULL,NULL,NULL),('FA000036',NULL,NULL,1,'2022-09-15 10:28:18',NULL,NULL,'Payé','actif',NULL,0,'',NULL,'',NULL,NULL,NULL,NULL,NULL),('FA000037','Cl0007',NULL,1,'2022-09-15 12:39:44','2022-09-17',NULL,'Non payé','actif','2022-09-15 12:55:02',2500,'salut ',NULL,'',NULL,NULL,NULL,NULL,NULL),('FA000038','Cl0003',NULL,2,'2022-09-15 13:46:24','2022-09-24',NULL,'Non payé','actif','2022-09-15 13:46:38',0,'',NULL,'',NULL,NULL,NULL,NULL,NULL),('FA000039','Cl0006',NULL,1,'2022-09-15 13:52:06',NULL,NULL,'Annulé','actif',NULL,0,'',NULL,'',NULL,NULL,'DV000004',NULL,NULL),('FA000040',NULL,NULL,1,'2022-09-15 14:40:56',NULL,NULL,'Non payé','actif',NULL,0,'',NULL,'',NULL,NULL,NULL,NULL,NULL),('FA000041','Cl0007',NULL,1,'2022-09-15 15:07:36',NULL,NULL,'Payé','actif',NULL,0,'tres beau ballais',NULL,'',NULL,NULL,'DV000006',NULL,NULL),('FA000042',NULL,NULL,1,'2022-09-15 15:53:02',NULL,NULL,'Payé','actif',NULL,0,'',NULL,'',NULL,NULL,'DV000005',NULL,NULL),('FA000043','Cl0006',NULL,1,'2022-09-16 12:10:11',NULL,NULL,'Partiellement payé','actif',NULL,1500,'',NULL,'',NULL,'2022-09-22','DV000007',NULL,NULL),('FA000044','Cl0006',NULL,1,'2022-09-17 11:02:45',NULL,NULL,'Non payé','actif','2022-09-17 17:29:28',0,'c\'est bien',NULL,'pas mal du tout',NULL,'2022-09-23','DV000008',NULL,NULL),('FA000045',NULL,NULL,1,'2022-09-18 07:11:25',NULL,NULL,'Non payé','actif',NULL,0,'',NULL,'',NULL,NULL,NULL,NULL,NULL),('FA000046','Cl0006',NULL,1,'2022-09-18 07:16:59',NULL,NULL,'Annulé','actif','2022-09-23 13:41:04',3500,'Les produits de cette facture n\'ont pas encore été livré',NULL,'',NULL,'2022-09-21','DV000012',NULL,NULL),('FA000047',NULL,NULL,2,'2022-09-18 18:17:39',NULL,NULL,'Annulé','actif',NULL,0,'',NULL,'','BC000010',NULL,NULL,NULL,NULL),('FA000048',NULL,NULL,1,'2022-09-18 18:23:43',NULL,NULL,'Non payé','actif',NULL,0,'',NULL,'','BC000011',NULL,NULL,NULL,NULL),('FA000049',NULL,NULL,1,'2022-09-18 18:33:19',NULL,NULL,'Payé','actif',NULL,0,'',NULL,'','BC000011',NULL,NULL,NULL,NULL),('FA000050','Cl0001',NULL,1,'2022-09-18 18:49:51',NULL,NULL,'Partiellement payé','actif',NULL,25000,'Ca passe plutot bien',NULL,'assez satisfesant','BC000003','2022-09-24',NULL,NULL,NULL),('FA000051','Cl0001',NULL,1,'2022-09-18 18:58:55',NULL,NULL,'Non payé','actif',NULL,25000,'Ca passe plutot bien',NULL,'assez satisfesant','BC000003','2022-09-24',NULL,NULL,NULL),('FA000052','Cl0001',NULL,1,'2022-09-18 19:00:26',NULL,NULL,'Partiellement payé','actif','2022-09-30 20:33:37',3900,'',NULL,'','BC000008','2022-09-23',NULL,NULL,NULL),('FA000053',NULL,NULL,1,'2022-09-18 19:25:00',NULL,NULL,'Non payé','actif',NULL,0,'',NULL,'','BC000012',NULL,NULL,NULL,NULL),('FA000054',NULL,NULL,1,'2022-09-18 22:09:35',NULL,NULL,'Non payé','actif',NULL,0,'',NULL,'','BC000012',NULL,NULL,NULL,NULL),('FA000055',NULL,NULL,1,'2022-09-18 22:14:51',NULL,NULL,'Non payé','actif',NULL,0,'',NULL,'','BC000012',NULL,NULL,NULL,NULL),('FA000056',NULL,NULL,1,'2022-09-18 22:15:09',NULL,NULL,'Non payé','actif',NULL,0,'',NULL,'','BC000012',NULL,NULL,NULL,NULL),('FA000057',NULL,NULL,1,'2022-09-18 22:19:00',NULL,NULL,'Annulé','actif',NULL,0,'',NULL,'','BC000012',NULL,NULL,NULL,NULL),('FA000058',NULL,NULL,1,'2022-09-18 22:20:24',NULL,NULL,'Non payé','actif',NULL,0,'',NULL,'','BC000012',NULL,NULL,NULL,NULL),('FA000059',NULL,NULL,1,'2022-09-18 23:06:58',NULL,NULL,'Non payé','actif',NULL,0,'',NULL,'','BC000011',NULL,NULL,NULL,NULL),('FA000060','Cl0007',NULL,1,'2022-09-19 18:28:51',NULL,NULL,'Partiellement payé','actif',NULL,2500,'',NULL,'','BC000013','2022-09-24',NULL,NULL,NULL),('FA000061','Cl0007',NULL,1,'2022-09-19 18:29:26',NULL,NULL,'Non payé','actif',NULL,2500,'',NULL,'','BC000013','2022-09-24',NULL,NULL,NULL),('FA000062','Cl0005',NULL,1,'2022-09-20 11:05:30',NULL,NULL,'Payé','actif',NULL,0,'',NULL,'','BC000014',NULL,NULL,NULL,NULL),('FA000063','Cl0003',NULL,1,'2022-09-20 11:15:35',NULL,NULL,'Annulé','actif',NULL,2500,'',NULL,'','BC000015','2022-09-22',NULL,NULL,NULL),('FA000064','Cl0003',NULL,1,'2022-09-20 11:16:16',NULL,NULL,'Annulé','actif',NULL,1000,'',NULL,'','BC000015','2022-09-22',NULL,NULL,NULL),('FA000065','Cl0005',NULL,1,'2022-09-20 12:02:54','2022-09-22',NULL,'Annulé','actif','2022-09-20 23:03:22',0,'',NULL,'','BC000017',NULL,NULL,NULL,NULL),('FA000066','Cl0005',NULL,1,'2022-09-20 12:19:21',NULL,NULL,'Annulé','actif','2022-09-20 16:05:13',0,'',NULL,'','BC000017',NULL,NULL,NULL,NULL),('FA000067','Cl0005',NULL,1,'2022-09-23 01:28:16',NULL,NULL,'Non payé','actif',NULL,0,'',NULL,'',NULL,NULL,NULL,NULL,NULL),('FA000068',NULL,NULL,1,'2022-09-23 01:30:49',NULL,NULL,'Non payé','actif',NULL,0,'',NULL,'',NULL,NULL,NULL,NULL,NULL),('FA000069',NULL,NULL,1,'2022-09-23 01:35:22',NULL,NULL,'Annulé','actif','2022-09-23 01:41:01',0,'',NULL,'',NULL,NULL,NULL,NULL,NULL),('FA000070',NULL,NULL,1,'2022-09-23 01:36:32',NULL,NULL,'Annulé','actif',NULL,0,'',NULL,'','BC000018',NULL,NULL,NULL,NULL),('FA000071','Cl0006',NULL,1,'2022-09-23 15:00:31',NULL,NULL,'Non payé','actif',NULL,3500,'',NULL,'',NULL,'2022-09-30','DV000017',NULL,NULL),('FA000072',NULL,NULL,1,'2022-09-23 15:38:43',NULL,NULL,'Non payé','actif','2022-09-23 15:45:31',0,'',NULL,'',NULL,NULL,NULL,NULL,NULL),('FA000073',NULL,NULL,1,'2022-09-26 07:17:27',NULL,NULL,'Annulé','actif',NULL,0,'',NULL,'','BC000018',NULL,NULL,NULL,NULL),('FA000074',NULL,NULL,1,'2022-09-26 10:29:32',NULL,NULL,'Non payé','actif',NULL,0,'',NULL,'',NULL,NULL,NULL,NULL,NULL),('FA000075','Cl0005',NULL,1,'2022-09-29 14:04:49',NULL,NULL,'Annulé','actif',NULL,0,'',NULL,'','BC000017','2022-09-22',NULL,NULL,NULL),('FA000076',NULL,NULL,1,'2022-09-30 14:34:44',NULL,NULL,'Annulé','actif',NULL,0,'',NULL,'','BC000019',NULL,NULL,NULL,NULL),('FA000077','Cl0005',NULL,1,'2022-09-30 16:16:04',NULL,NULL,'Payé','actif',NULL,6000,'',NULL,'','BC000009','2022-09-28',NULL,NULL,NULL),('FA000078','Cl0006',NULL,1,'2022-09-30 19:38:22',NULL,NULL,'Annulé','actif',NULL,0,'tres bon ',NULL,'bon de commande creee a partir du document:15623','BC000021',NULL,NULL,NULL,NULL),('FA000079','Cl0006',NULL,1,'2022-09-30 20:07:42',NULL,NULL,'Annulé','actif',NULL,0,'',NULL,'',NULL,NULL,'DV000018',NULL,NULL),('FA000080',NULL,NULL,1,'2022-10-01 06:42:32',NULL,NULL,'Non payé','actif',NULL,0,'',NULL,'',NULL,NULL,NULL,NULL,NULL),('FA000081',NULL,NULL,1,'2022-10-03 09:36:38',NULL,NULL,'Payé','actif',NULL,0,'',NULL,'',NULL,NULL,NULL,NULL,NULL),('FA000082','Cl0001',NULL,1,'2022-10-07 10:28:15',NULL,NULL,'Payé','actif',NULL,0,'',NULL,'',NULL,NULL,NULL,NULL,NULL),('FA000083','Cl0004',NULL,1,'2022-10-08 08:35:51',NULL,NULL,'Non payé','actif',NULL,0,'',NULL,'',NULL,NULL,NULL,NULL,NULL),('FA000084',NULL,NULL,1,'2022-10-12 08:28:02',NULL,NULL,'Non payé','actif',NULL,0,'',NULL,'',NULL,NULL,NULL,NULL,NULL),('FA000085',NULL,NULL,2,'2022-10-12 08:29:06',NULL,NULL,'Payé','actif',NULL,0,'',NULL,'',NULL,NULL,NULL,NULL,NULL),('FA000086',NULL,NULL,2,'2022-10-12 15:11:25',NULL,NULL,'Non payé','actif',NULL,0,'',NULL,'',NULL,NULL,NULL,NULL,NULL),('FA000087',NULL,NULL,1,'2022-10-12 22:31:24',NULL,NULL,'Non payé','actif',NULL,0,'',NULL,'',NULL,NULL,NULL,NULL,NULL),('FA000088','Cl0009',NULL,1,'2022-10-13 12:56:32',NULL,NULL,'Payé','actif','2022-10-13 12:59:16',0,'tres bonne affaires',NULL,'',NULL,NULL,NULL,NULL,NULL),('FA000089',NULL,NULL,1,'2022-10-13 13:04:35',NULL,NULL,'Non payé','actif',NULL,0,'',NULL,'',NULL,NULL,'DV000020',NULL,NULL),('FA000090','Cl0005',NULL,1,'2022-10-13 13:07:04',NULL,NULL,'Non payé','actif',NULL,0,'',NULL,'','BC000014',NULL,NULL,NULL,NULL),('FA000091','Cl0006',NULL,1,'2022-10-13 15:50:13',NULL,NULL,'Payé','actif','2022-10-13 15:54:49',2500,'Les produits de cette facture ont ete totalement livré',NULL,'tres bonne operation',NULL,NULL,NULL,NULL,NULL),('FA000092',NULL,NULL,1,'2022-10-14 13:52:51',NULL,NULL,'Payé','actif',NULL,0,'',NULL,'',NULL,NULL,NULL,NULL,NULL),('FA000093','Cl0009',NULL,1,'2022-10-14 15:36:06',NULL,NULL,'Payé','actif',NULL,2500,'',NULL,'',NULL,'2022-10-26','DV000021',NULL,NULL),('FA000094','Cl0009',NULL,1,'2022-10-14 15:40:54',NULL,NULL,'Non payé','actif','2022-10-15 08:57:08',0,'',NULL,'','BC000024',NULL,NULL,NULL,NULL),('FA000095',NULL,NULL,1,'2022-10-15 09:05:08',NULL,NULL,'Non payé','actif',NULL,0,'',NULL,'',NULL,NULL,NULL,NULL,NULL),('FA000096','Cl0010',NULL,1,'2022-10-17 14:56:49',NULL,NULL,'Payé','actif',NULL,0,'',NULL,'',NULL,NULL,NULL,NULL,NULL),('FA000097','Cl0009',NULL,1,'2022-10-17 15:33:20',NULL,NULL,'Payé','actif','2022-10-17 15:37:06',0,'Merci d\'être passer chez nous',NULL,'c\'etait un peut compliquer',NULL,NULL,'DV000022',NULL,NULL),('FA000098','Cl0010',NULL,1,'2022-10-17 16:06:12','2022-10-20',NULL,'Payé','actif','2022-10-17 16:07:37',0,'',NULL,'',NULL,NULL,NULL,NULL,NULL),('FA000099','Cl0011',NULL,1,'2022-10-17 16:16:44',NULL,NULL,'Non payé','actif',NULL,0,'',NULL,'',NULL,NULL,NULL,NULL,NULL),('FA000100','Cl0003',NULL,1,'2022-10-19 11:34:14',NULL,NULL,'Non payé','actif','2022-10-19 11:34:55',0,'',NULL,'',NULL,NULL,NULL,NULL,NULL),('FA000101',NULL,NULL,1,'2022-10-19 17:50:20',NULL,NULL,'Payé','actif',NULL,0,'',NULL,'',NULL,NULL,NULL,NULL,NULL),('FA000102',NULL,1,1,'2022-10-22 23:42:14',NULL,NULL,'Non payé','actif',NULL,0,'',NULL,'',NULL,NULL,NULL,NULL,NULL),('FA000103',NULL,1,1,'2022-10-23 00:01:24',NULL,NULL,'Non payé','actif','2022-10-23 01:29:58',0,'',NULL,'',NULL,NULL,NULL,NULL,NULL),('FA000104',NULL,1,1,'2022-10-23 01:32:10',NULL,NULL,'Non payé','actif','2022-10-23 01:49:55',0,'',NULL,'',NULL,NULL,NULL,NULL,NULL),('FA000105','Cl0009',NULL,1,'2022-10-25 16:16:16',NULL,NULL,'Non payé','actif',NULL,0,'',NULL,'','BC000024',NULL,NULL,NULL,NULL),('FA000106',NULL,2,1,'2022-10-28 20:46:12',NULL,NULL,'Non payé','actif',NULL,0,'',NULL,'',NULL,NULL,NULL,NULL,NULL),('FA000107',NULL,1,1,'2022-10-29 09:47:14',NULL,NULL,'Payé','actif',NULL,0,'',NULL,'','BC000027',NULL,NULL,NULL,NULL),('FA000108',NULL,2,1,'2022-10-29 15:28:23',NULL,NULL,'Payé','actif',NULL,0,'',NULL,'',NULL,NULL,NULL,NULL,NULL),('FA000109',NULL,2,1,'2022-10-29 15:39:29',NULL,NULL,'Annulé','actif','2022-10-29 15:39:48',0,'',NULL,'',NULL,NULL,NULL,NULL,NULL),('FA000110',NULL,2,1,'2022-10-31 21:32:12',NULL,NULL,'Non payé','actif',NULL,0,'',NULL,'',NULL,NULL,NULL,NULL,NULL),('FA000111','Cl0003',2,1,'2022-11-01 13:13:14',NULL,NULL,'Payé','actif',NULL,150,'',NULL,'',NULL,NULL,NULL,NULL,NULL),('FA000112','Cl0011',2,1,'2022-11-01 13:36:31',NULL,NULL,'Annulé','actif','2022-11-01 13:37:50',0,'',NULL,'',NULL,NULL,NULL,NULL,NULL),('FA000113',NULL,1,1,'2022-11-02 12:16:48',NULL,NULL,'Payé','actif',NULL,2500,'',NULL,'',NULL,NULL,NULL,NULL,NULL),('FA000114',NULL,1,1,'2022-11-02 12:47:05','2022-11-10',NULL,'Payé','actif',NULL,1000,'',NULL,'',NULL,NULL,NULL,NULL,NULL),('FA000115',NULL,2,1,'2022-11-02 15:41:22',NULL,NULL,'Payé','actif',NULL,0,'',NULL,'',NULL,NULL,'DV000025',NULL,NULL),('FA000116',NULL,NULL,1,'2022-11-02 19:49:14',NULL,NULL,'Non payé','actif',NULL,0,'',NULL,'','BC000012',NULL,NULL,NULL,NULL),('FA000117',NULL,1,1,'2022-11-03 09:59:55',NULL,NULL,'Non payé','actif',NULL,0,'',NULL,'',NULL,NULL,NULL,NULL,NULL),('FA000118',NULL,2,1,'2022-11-03 11:25:47',NULL,NULL,'Payé','actif','2022-11-04 10:24:38',0,'',NULL,'','BC000028',NULL,NULL,'jhon',NULL),('FA000119',NULL,1,1,'2022-11-03 11:30:50',NULL,NULL,'Payé','actif',NULL,0,'',NULL,'',NULL,NULL,'DV000026',NULL,NULL),('FA000120',NULL,1,1,'2022-11-03 14:49:08',NULL,NULL,'Payé','actif',NULL,0,'',NULL,'','BC000031',NULL,NULL,NULL,NULL),('FA000121',NULL,1,1,'2022-11-04 01:16:11',NULL,NULL,'Payé','actif','2022-11-04 14:41:11',0,'',NULL,'','BC000029',NULL,NULL,'Neymar',NULL),('FA000122',NULL,1,1,'2022-11-04 01:16:28',NULL,NULL,'Payé','actif',NULL,0,'',NULL,'','BC000029',NULL,NULL,NULL,NULL),('FA000123',NULL,1,1,'2022-11-04 01:16:59',NULL,NULL,'Payé','actif',NULL,0,'',NULL,'','BC000029',NULL,NULL,NULL,NULL),('FA000124',NULL,1,1,'2022-11-04 10:35:06',NULL,NULL,'Payé','actif','2022-11-04 10:36:30',0,'',NULL,'',NULL,NULL,NULL,'Mr Fonkou bruno',NULL),('FA000125',NULL,1,1,'2022-11-05 13:33:28',NULL,NULL,'Payé','actif',NULL,0,'',NULL,'',NULL,NULL,NULL,'',NULL),('FA000126',NULL,1,1,'2022-11-06 20:13:12',NULL,NULL,'Non payé','actif','2022-11-09 12:36:38',0,'',NULL,'',NULL,NULL,NULL,'',NULL),('FA000127',NULL,1,1,'2022-11-07 13:11:13',NULL,NULL,'Non payé','actif',NULL,0,'',NULL,'','BC000032',NULL,NULL,'Tom',NULL),('FA000128',NULL,1,1,'2022-11-07 13:14:15',NULL,NULL,'Non payé','actif','2022-11-08 23:12:41',0,'',NULL,'',NULL,NULL,NULL,'',NULL),('FA000129',NULL,1,1,'2022-11-07 19:56:04',NULL,NULL,'Non payé','actif','2022-11-09 12:35:52',0,'',NULL,'',NULL,NULL,NULL,'',NULL),('FA000130','Cl0009',NULL,1,'2022-11-09 07:59:48',NULL,NULL,'Non payé','actif',NULL,0,'',NULL,'','BC000024',NULL,NULL,'Mt albert',NULL),('FA000131',NULL,1,2,'2022-11-09 12:29:41',NULL,NULL,'Payé','actif',NULL,0,'',NULL,'',NULL,NULL,NULL,'',NULL),('FA000132',NULL,1,1,'2022-11-09 12:31:40',NULL,NULL,'Payé','actif',NULL,0,'',NULL,'',NULL,NULL,NULL,'',NULL),('FA000133',NULL,1,1,'2022-11-09 13:59:47',NULL,NULL,'Payé','actif',NULL,1000,'',NULL,'',NULL,NULL,NULL,'',NULL),('FA000134',NULL,1,1,'2022-11-09 14:10:17',NULL,NULL,'Non payé','actif',NULL,0,'',NULL,'',NULL,NULL,NULL,'',NULL),('FA000135',NULL,1,1,'2022-11-15 06:40:02',NULL,NULL,'Non payé','actif',NULL,0,'',NULL,'',NULL,NULL,NULL,'',NULL),('FA000136',NULL,1,1,'2022-11-15 11:26:29',NULL,NULL,'Payé','actif',NULL,0,'bonne journee',NULL,'',NULL,NULL,NULL,'',NULL),('FA000137',NULL,1,1,'2022-11-15 12:00:46',NULL,NULL,'Partiellement payé','actif',NULL,0,'',NULL,'',NULL,NULL,NULL,'',NULL),('FA000138',NULL,1,1,'2022-11-15 12:13:06',NULL,NULL,'Payé','actif','2022-11-15 12:14:58',0,'',NULL,'',NULL,NULL,NULL,'',NULL),('FA000139',NULL,1,1,'2022-11-15 12:38:16',NULL,NULL,'Partiellement payé','actif','2022-11-19 17:22:33',0,'',NULL,'',NULL,NULL,NULL,'',NULL),('FA000140','Cl0006',1,1,'2022-11-15 13:15:54',NULL,NULL,'Payé','actif','2022-11-15 13:18:31',0,'',NULL,'',NULL,NULL,NULL,'',NULL),('FA000141',NULL,1,1,'2022-11-15 13:45:53',NULL,NULL,'Payé','actif',NULL,0,'',NULL,'',NULL,NULL,NULL,'',NULL),('FA000142','Cl0006',1,1,'2022-11-15 14:02:44',NULL,NULL,'Payé','actif','2022-11-15 14:04:51',0,'',NULL,'',NULL,NULL,NULL,'',NULL),('FA000143','Cl0010',1,1,'2022-11-17 18:12:47',NULL,NULL,'Payé','actif',NULL,1500,'',NULL,'',NULL,NULL,'DV000027','',NULL),('FA000144',NULL,4,1,'2022-11-19 14:34:12',NULL,NULL,'Non payé','actif',NULL,0,'',NULL,'',NULL,NULL,NULL,'',NULL),('FA000145',NULL,4,1,'2022-11-19 20:01:20',NULL,NULL,'Non payé','actif',NULL,0,'',NULL,'',NULL,NULL,'DV000028','',NULL),('FA000146',NULL,1,1,'2022-11-19 20:18:56',NULL,NULL,'Non payé','actif',NULL,0,'',NULL,'',NULL,NULL,'DV000031','',NULL),('FA000147',NULL,1,1,'2022-11-19 20:48:48',NULL,NULL,'Non payé','actif','2022-11-24 09:51:34',0,'',NULL,'','BC000035',NULL,NULL,'',NULL),('FA000148',NULL,4,1,'2022-11-19 20:51:31',NULL,NULL,'Non payé','actif',NULL,0,'',NULL,'','BC000035',NULL,NULL,'',NULL),('FA000149',NULL,1,1,'2022-11-22 09:08:42',NULL,NULL,'Partiellement payé','actif','2022-11-23 10:33:16',0,'',NULL,'',NULL,NULL,NULL,'',NULL),('FA000150',NULL,1,1,'2022-11-22 11:53:05',NULL,NULL,'Non payé','actif',NULL,0,'',NULL,'','BC000037',NULL,NULL,'',NULL),('FA000151',NULL,1,1,'2022-11-24 09:51:54',NULL,NULL,'Payé','actif','2022-11-24 09:52:20',0,'',NULL,'',NULL,NULL,NULL,'',NULL),('FA000152',NULL,1,1,'2022-11-24 16:13:57',NULL,NULL,'Non payé','actif',NULL,0,'',NULL,'',NULL,NULL,NULL,'',NULL),('FA000153',NULL,1,1,'2022-11-24 19:39:21',NULL,NULL,'Non payé','actif',NULL,0,'',NULL,'',NULL,NULL,NULL,'',NULL),('FA000154',NULL,1,1,'2022-11-25 18:03:01',NULL,NULL,'Payé','actif',NULL,0,'',NULL,'','BC000039',NULL,NULL,'',NULL),('FA000155',NULL,1,1,'2022-11-25 18:03:30',NULL,NULL,'Payé','actif',NULL,0,'',NULL,'','BC000039',NULL,NULL,'',NULL),('FA000156',NULL,1,1,'2022-11-25 19:00:23',NULL,NULL,'Non payé','actif',NULL,0,'',NULL,'',NULL,NULL,'DV000034','',NULL),('FA000157',NULL,1,1,'2022-11-25 20:47:48',NULL,NULL,'Partiellement payé','actif',NULL,0,'',NULL,'',NULL,NULL,'DV000037','',NULL);
/*!40000 ALTER TABLE `facture` ENABLE KEYS */;
UNLOCK TABLES;

--
-- Table structure for table `fournisseur`
--

DROP TABLE IF EXISTS `fournisseur`;
/*!40101 SET @saved_cs_client     = @@character_set_client */;
/*!50503 SET character_set_client = utf8mb4 */;
CREATE TABLE `fournisseur` (
  `id_fournisseur` varchar(30) NOT NULL,
  `nom` varchar(50) NOT NULL,
  `telephone` varchar(30) DEFAULT NULL,
  `email` varchar(30) DEFAULT NULL,
  `adresse` varchar(100) DEFAULT NULL,
  `description` varchar(255) DEFAULT NULL,
  `etat` varchar(30) DEFAULT 'actif',
  `date_ajout` date DEFAULT NULL,
  PRIMARY KEY (`id_fournisseur`),
  UNIQUE KEY `nom` (`nom`)
) ENGINE=InnoDB DEFAULT CHARSET=utf8mb4;
/*!40101 SET character_set_client = @saved_cs_client */;

--
-- Dumping data for table `fournisseur`
--

LOCK TABLES `fournisseur` WRITE;
/*!40000 ALTER TABLE `fournisseur` DISABLE KEYS */;
INSERT INTO `fournisseur` VALUES ('FN0001','Fonkou Le grand','651294896','stadjou.megasoft@gmail.com','Cameroun::1200 Ngousso::::Yaoundé::','Tres bon fournisseur','actif','2022-08-12'),('FN0002','Tadjou Steve','+237699134647','don.junior105@gmail.com','Cameroun::::::::','Ce type est un escro, Tres dangeureux,..! il faut se mefier de luis...!','actif','2022-08-12'),('FN0003','Odilin','','','Cameroun::::::::','','actif','2022-08-12'),('FN0004','Richard','','','Cameroun::::::::','','actif','2022-08-12'),('FN0005','Tayo','654875963','','Cameroun::marché central,faceNiki::::Yaoundé::','Un bondit. se mefier','actif','2022-08-12'),('FN0006','alex','','','Cameroun::::::::','','actif','2022-08-13'),('FN0007','lover','','','Cameroun::::::::','','actif','2022-08-13'),('FN0008','Zfonkou','651294896','stadjou.megasoft@gmail.com','Cameroun::1200 Ngousso::::Yaoundé::','Tres bon fournisseur','actif','2022-08-16'),('FN0009','Moise','651294896','moiseLisoom@gmail.com','Cameroun::Nkolmessing::messassi,nyom::Yaoundé::','Très bon fournisseur de materiel telephonique','actif','2022-08-30');
/*!40000 ALTER TABLE `fournisseur` ENABLE KEYS */;
UNLOCK TABLES;

--
-- Table structure for table `ligne_document`
--

DROP TABLE IF EXISTS `ligne_document`;
/*!40101 SET @saved_cs_client     = @@character_set_client */;
/*!50503 SET character_set_client = utf8mb4 */;
CREATE TABLE `ligne_document` (
  `id` int(11) NOT NULL AUTO_INCREMENT,
  `designation` varchar(100) DEFAULT NULL,
  `quantite` float DEFAULT NULL,
  `prix` float DEFAULT NULL,
  `remise` float DEFAULT NULL,
  `id_taxe` int(11) DEFAULT NULL,
  `cout_UMP` float DEFAULT '0',
  `id_pack` int(11) NOT NULL,
  `iid_bon_commande` varchar(30) DEFAULT NULL,
  `id_ordre_achat` varchar(30) DEFAULT NULL,
  `id_bon_livraison` varchar(30) DEFAULT NULL,
  `id_livraison` varchar(30) DEFAULT NULL,
  `id_devis` varchar(30) DEFAULT NULL,
  `id_mouvement_stock` varchar(30) DEFAULT NULL,
  PRIMARY KEY (`id`),
  KEY `FKLigne_docu175348` (`id_taxe`),
  KEY `FKLigne_docu414966` (`id_pack`),
  KEY `FKLigne_docu248452` (`iid_bon_commande`),
  KEY `FKLigne_docu104712` (`id_ordre_achat`),
  KEY `FKLigne_docu216222` (`id_bon_livraison`),
  KEY `FKLigne_docu753583` (`id_livraison`),
  KEY `FKLigne_docu894756` (`id_devis`),
  KEY `FKLigne_docsteve854_idx` (`id_mouvement_stock`),
  CONSTRAINT `FKLigne_docu104712` FOREIGN KEY (`id_ordre_achat`) REFERENCES `ordre_achat` (`id_ordre_achat`),
  CONSTRAINT `FKLigne_docu175348` FOREIGN KEY (`id_taxe`) REFERENCES `taxe` (`id`),
  CONSTRAINT `FKLigne_docu216222` FOREIGN KEY (`id_bon_livraison`) REFERENCES `bon_livraison` (`id_bon_livraison`),
  CONSTRAINT `FKLigne_docu248452` FOREIGN KEY (`iid_bon_commande`) REFERENCES `bon_commande` (`id_bon_commande`),
  CONSTRAINT `FKLigne_docu414966` FOREIGN KEY (`id_pack`) REFERENCES `pack` (`id`),
  CONSTRAINT `FKLigne_docu753583` FOREIGN KEY (`id_livraison`) REFERENCES `livraison` (`id_livraison`),
  CONSTRAINT `FKLigne_docu894756` FOREIGN KEY (`id_devis`) REFERENCES `devis` (`id_devis`),
  CONSTRAINT `FKLigne_docu937393` FOREIGN KEY (`id_mouvement_stock`) REFERENCES `mouvement_stock` (`id_mouvement_stock`)
) ENGINE=InnoDB AUTO_INCREMENT=521 DEFAULT CHARSET=utf8mb4;
/*!40101 SET character_set_client = @saved_cs_client */;

--
-- Dumping data for table `ligne_document`
--

LOCK TABLES `ligne_document` WRITE;
/*!40000 ALTER TABLE `ligne_document` DISABLE KEYS */;
INSERT INTO `ligne_document` VALUES (34,'Amoxiciline - carton x10',5,1800,0,2,0,24,NULL,NULL,NULL,NULL,'DV000001',''),(35,'Ampoule - pièce',1,800,0,2,0,2,NULL,NULL,NULL,NULL,'DV000001',''),(36,'Amoxiciline',1,550,0,2,0,10,NULL,NULL,NULL,NULL,'DV000001',''),(39,'Ampiciline',1,500,0,1,0,18,NULL,NULL,NULL,NULL,'DV000003',''),(40,'Amoxiciline - carton x10',1,1800,0,1,0,24,NULL,NULL,NULL,NULL,'DV000003',''),(41,'Brolie',1,1300,0,1,0,4,NULL,NULL,NULL,NULL,'DV000003',''),(42,'Couche morflix t4',1,0,0,1,0,19,NULL,NULL,NULL,NULL,'DV000003',''),(43,'Amoxiciline',1,550,0,NULL,0,10,NULL,NULL,NULL,NULL,'DV000002',''),(44,'Amoxiciline - carton x10',1,1800,0,NULL,0,24,NULL,NULL,NULL,NULL,'DV000002',''),(45,'Brolie - carton x6',1,6500,0,NULL,0,30,NULL,NULL,NULL,NULL,'DV000004',''),(46,'Couche morflix t4',1,0,0,NULL,0,19,NULL,NULL,NULL,NULL,'DV000004',''),(47,'Cristaux de menthe',1,0,0,NULL,0,17,NULL,NULL,NULL,NULL,'DV000004',''),(48,'Ampiciline - plaquette',5000,500,0,NULL,0,27,NULL,NULL,NULL,NULL,'DV000005',''),(53,'Ampoule - pièce',3,800,0,NULL,0,2,NULL,NULL,NULL,NULL,'DV000006',''),(54,'Ballais a main',2,1500,0,NULL,0,13,NULL,NULL,NULL,NULL,'DV000006',''),(57,'Ampiciline',1,500,0,NULL,0,18,NULL,NULL,NULL,NULL,'DV000007',''),(58,'Ballais a main',1,1500,0,NULL,0,13,NULL,NULL,NULL,NULL,'DV000007',''),(59,'Amoxiciline - carton x10',1,1800,0,1,0,24,'BC000001',NULL,NULL,NULL,NULL,''),(60,'Amoxiciline',1,550,0,1,0,10,'BC000001',NULL,NULL,NULL,NULL,''),(61,'Amoxiciline',7,550,0,NULL,0,10,'BC000002',NULL,NULL,NULL,NULL,''),(62,'Amoxiciline - carton x10',8,1800,0,NULL,0,24,'BC000002',NULL,NULL,NULL,NULL,''),(63,'Ampiciline - plaquette',1,500,0,NULL,0,27,'BC000002',NULL,NULL,NULL,NULL,''),(64,'Brolie',1,1300,0,NULL,0,4,'BC000002',NULL,NULL,NULL,NULL,''),(65,'Ballais a main',1,1500,0,NULL,0,13,'BC000003',NULL,NULL,NULL,NULL,''),(66,'Brolie - carton x6',5,6500,0,NULL,0,30,'BC000003',NULL,NULL,NULL,NULL,''),(67,'Amoxiciline',2,550,0,NULL,0,10,'BC000004',NULL,NULL,NULL,NULL,''),(68,'Amoxiciline - carton x10',1,1800,0,NULL,0,24,'BC000004',NULL,NULL,NULL,NULL,''),(69,'Ballais a main',2,1500,0,NULL,0,13,'BC000004',NULL,NULL,NULL,NULL,''),(73,'Amoxiciline - carton x10',8,1800,0,1,0,24,NULL,NULL,NULL,NULL,'DV000008',''),(74,'Ampoule - pièce',5,800,0,1,0,2,NULL,NULL,NULL,NULL,'DV000008',''),(75,'Couche morflix t4',66,1250,0,1,0,19,NULL,NULL,NULL,NULL,'DV000008',''),(76,'Amoxiciline - carton x10',1,1800,0,NULL,0,24,NULL,NULL,NULL,NULL,'DV000009',''),(77,'Colgate herbal 7g - tube',2,700,0,NULL,0,5,NULL,NULL,NULL,NULL,'DV000009',''),(78,'Doliprane 1000 mg',4,1000,0,NULL,0,16,NULL,NULL,NULL,NULL,'DV000009',''),(79,'Amoxiciline - carton x10',1,1800,0,NULL,0,24,'BC000005',NULL,NULL,NULL,NULL,''),(80,'Colgate herbal 7g - tube',2,700,0,NULL,0,5,'BC000005',NULL,NULL,NULL,NULL,''),(81,'Doliprane 1000 mg',4,1000,0,NULL,0,16,'BC000005',NULL,NULL,NULL,NULL,''),(82,'Amoxiciline - carton x10',2,1800,0,NULL,0,24,NULL,NULL,NULL,NULL,'DV000010',''),(83,'Ballais a main',2,1500,0,NULL,0,13,NULL,NULL,NULL,NULL,'DV000010',''),(84,'Doliprane 1000 mg',3,1000,0,NULL,0,16,NULL,NULL,NULL,NULL,'DV000010',''),(85,'Amoxiciline - carton x10',2,1800,0,NULL,0,24,'BC000006',NULL,NULL,NULL,NULL,''),(86,'Ballais a main',2,1500,0,NULL,0,13,'BC000006',NULL,NULL,NULL,NULL,''),(87,'Doliprane 1000 mg',3,1000,0,NULL,0,16,'BC000006',NULL,NULL,NULL,NULL,''),(88,'Amoxiciline - carton x10',1,1800,0,1,0,24,NULL,NULL,NULL,NULL,'DV000011',''),(89,'Amoxiciline',1,550,0,1,0,10,NULL,NULL,NULL,NULL,'DV000011',''),(90,'Ampiciline - plaquette',1,500,0,1,0,27,NULL,NULL,NULL,NULL,'DV000011',''),(91,'Amoxiciline - carton x10',1,1800,0,1,0,24,'BC000007',NULL,NULL,NULL,NULL,''),(92,'Amoxiciline',1,550,0,1,0,10,'BC000007',NULL,NULL,NULL,NULL,''),(93,'Ampiciline - plaquette',1,500,0,1,0,27,'BC000007',NULL,NULL,NULL,NULL,''),(97,'Amoxiciline - carton x10',10,1800,0,NULL,0,24,NULL,NULL,NULL,NULL,'DV000012',''),(98,'Ampiciline - plaquette',5,500,0,NULL,0,27,NULL,NULL,NULL,NULL,'DV000012',''),(99,'Ballais a main',15,1500,0,NULL,0,13,NULL,NULL,NULL,NULL,'DV000012',''),(100,'Ampiciline - plaquette',10,500,0,NULL,0,27,NULL,NULL,NULL,NULL,'DV000013',''),(101,'Bonbon choco',5,50,0,NULL,0,37,NULL,NULL,NULL,NULL,'DV000013',''),(102,'Brolie - carton x6',11,6500,0,NULL,0,30,NULL,NULL,NULL,NULL,'DV000013',''),(113,'Amoxiciline - carton x10',1,1800,0,1,0,24,'BC000008',NULL,NULL,NULL,NULL,''),(114,'Amoxiciline',10,550,0,1,0,10,'BC000008',NULL,NULL,NULL,NULL,''),(115,'Ampoule - pièce',20,800,0,1,0,2,'BC000008',NULL,NULL,NULL,NULL,''),(116,'Ampiciline - plaquette',10,500,0,1,0,27,'BC000009',NULL,NULL,NULL,NULL,''),(117,'Brolie - carton x6',11,6500,0,1,0,30,'BC000009',NULL,NULL,NULL,NULL,''),(118,'Amoxiciline - carton x10',1,1800,0,NULL,0,24,NULL,NULL,NULL,NULL,'DV000014',''),(119,'Ampiciline',1,500,0,NULL,0,18,NULL,NULL,NULL,NULL,'DV000014',''),(120,'Bonbon choco - paquet x20',2,800,0,NULL,0,38,NULL,NULL,NULL,NULL,'DV000014',''),(124,'Amoxiciline',1,550,0,NULL,0,10,'BC000010',NULL,NULL,NULL,NULL,''),(125,'Amoxiciline - carton x10',1,1800,0,NULL,0,24,'BC000010',NULL,NULL,NULL,NULL,''),(126,'Ampiciline - plaquette',1,500,0,NULL,0,27,'BC000010',NULL,NULL,NULL,NULL,''),(140,'Amoxiciline',8,550,0,NULL,0,10,'BC000012',NULL,NULL,NULL,NULL,''),(141,'Amoxiciline - carton x10',5,1800,0,NULL,0,24,'BC000012',NULL,NULL,NULL,NULL,''),(142,'Colgate herbal 7g - tube',10,700,0,NULL,0,5,'BC000012',NULL,NULL,NULL,NULL,''),(143,'Ampiciline',5,500,0,NULL,0,18,'BC000012',NULL,NULL,NULL,NULL,''),(144,'Ballais a main',3,1500,0,NULL,0,13,'BC000012',NULL,NULL,NULL,NULL,''),(148,'Amoxiciline - carton x10',6,1800,0,NULL,0,24,'BC000013',NULL,NULL,NULL,NULL,''),(149,'Bonbon choco - paquet x20',1,800,0,NULL,0,38,'BC000013',NULL,NULL,NULL,NULL,''),(150,'Colgate herbal 7g - tube',8,700,0,NULL,0,5,'BC000013',NULL,NULL,NULL,NULL,''),(154,'Amoxiciline - carton x10',5,1800,0,NULL,0,24,'BC000014',NULL,NULL,NULL,NULL,''),(155,'Ballais a main',15,1500,0,NULL,0,13,'BC000014',NULL,NULL,NULL,NULL,''),(156,'Colgate herbal 7g - tube',20,700,0,NULL,0,5,'BC000014',NULL,NULL,NULL,NULL,''),(159,'Amoxiciline',1,550,0,NULL,0,10,'BC000016',NULL,NULL,NULL,NULL,''),(168,'Amoxiciline - carton x10',5,0,0,NULL,0,24,NULL,NULL,'BL000004',NULL,NULL,''),(169,'Top djino 1l - bouteille',3,0,0,NULL,0,3,NULL,NULL,'BL000004',NULL,NULL,''),(170,'Top djino 1l - bouteille',7,0,0,NULL,0,3,NULL,NULL,'BL000005',NULL,NULL,''),(171,'Amoxiciline - carton x10',5,0,0,NULL,0,24,NULL,NULL,'BL000006',NULL,NULL,''),(172,'Amoxiciline - carton x10',3,1800,0,NULL,0,24,NULL,NULL,NULL,NULL,'DV000016',''),(173,'Top pamplemous - bouteille',5,525,0,NULL,0,6,NULL,NULL,NULL,NULL,'DV000016',''),(179,'Amoxiciline - carton x10',10,0,0,NULL,0,24,NULL,NULL,'BL000003',NULL,NULL,''),(180,'Bonbon choco',15,0,0,NULL,0,37,NULL,NULL,'BL000003',NULL,NULL,''),(181,'Mayonaise armantine 500g - carton x10',3,13500,0,NULL,0,42,'BC000018',NULL,NULL,NULL,NULL,''),(182,'Beure jadida 450g',10,2998,0,NULL,0,40,'BC000019',NULL,NULL,NULL,NULL,''),(184,'Beure jadida 450g',3,0,0,NULL,0,40,NULL,NULL,'BL000008',NULL,NULL,''),(185,'Amoxiciline - carton x10',6,0,0,NULL,0,24,NULL,NULL,'BL000009',NULL,NULL,''),(186,'Colgate herbal 7g - tube',4,0,0,NULL,0,5,NULL,NULL,'BL000009',NULL,NULL,''),(187,'Amoxiciline - carton x10',6,1800,0,1,0,24,NULL,NULL,NULL,NULL,'DV000015',''),(188,'Bonbon choco - paquet x20',1,800,0,1,0,38,NULL,NULL,NULL,NULL,'DV000015',''),(189,'Colgate herbal 7g - tube',8,700,0,1,0,5,NULL,NULL,NULL,NULL,'DV000015',''),(193,'Beure jadida 450g',6,2998,0,2,0,40,NULL,NULL,NULL,NULL,'DV000017',''),(194,'Doliprane 1000 mg',15,1000,0,2,0,16,NULL,NULL,NULL,NULL,'DV000017',''),(195,'Colgate herbal 7g - tube',5,700,0,2,0,5,NULL,NULL,NULL,NULL,'DV000017',''),(196,'Amoxiciline - carton x10',4,1800,0,NULL,0,24,'BC000011',NULL,NULL,NULL,NULL,''),(197,'Ampiciline',1,500,0,NULL,0,18,'BC000011',NULL,NULL,NULL,NULL,''),(198,'Bonbon choco - paquet x20',2,800,0,NULL,0,38,'BC000011',NULL,NULL,NULL,NULL,''),(199,'Amoxiciline',3,550,0,NULL,0,10,'BC000011',NULL,NULL,NULL,NULL,''),(200,'Mayonaise armantine 500g - carton x10',2,0,0,NULL,0,42,NULL,NULL,'BL000010',NULL,NULL,''),(201,'Mayonaise armantine 500g - carton x10',1,0,0,NULL,0,42,NULL,NULL,'BL000011',NULL,NULL,''),(202,'Amoxiciline - carton x10',10,0,0,NULL,0,24,NULL,NULL,'BL000012',NULL,NULL,''),(203,'Bonbon choco',10,0,0,NULL,0,37,NULL,NULL,'BL000012',NULL,NULL,''),(204,'Ampiciline',100,500,0,NULL,0,18,'BC000020',NULL,NULL,NULL,NULL,''),(239,'Bonbon choco',3,0,0,NULL,0,37,NULL,NULL,'BL000013',NULL,NULL,''),(242,'Beure jadida 450g',2,0,0,NULL,0,40,NULL,NULL,'BL000014',NULL,NULL,''),(243,'Beure jadida 450g',5,0,0,NULL,0,40,NULL,NULL,'BL000007',NULL,NULL,''),(248,'Bonbon choco',2,0,0,NULL,0,37,NULL,NULL,'BL000015',NULL,NULL,''),(251,'Amoxiciline - carton x10',10,1800,0,NULL,0,24,'BC000017',NULL,NULL,NULL,NULL,''),(252,'Bonbon choco',15,50,0,NULL,0,37,'BC000017',NULL,NULL,NULL,NULL,''),(259,'Brolie',3,0,0,NULL,0,4,NULL,NULL,NULL,'LV000002',NULL,''),(260,'Puce mtn - carton x12',4,0,0,NULL,0,35,NULL,NULL,NULL,'LV000002',NULL,''),(262,'Ampiciline - plaquette',10,0,0,NULL,0,27,NULL,NULL,'BL000016',NULL,NULL,''),(263,'Brolie - carton x6',11,0,0,NULL,0,30,NULL,NULL,'BL000016',NULL,NULL,''),(270,'Amoxiciline - carton x10',10,0,0,NULL,0,24,NULL,NULL,'BL000017',NULL,NULL,''),(271,'Beure jadida 450g',5,0,0,NULL,0,40,NULL,NULL,'BL000017',NULL,NULL,''),(272,'Amoxiciline - carton x10',5,0,0,NULL,0,24,NULL,NULL,'BL000018',NULL,NULL,''),(273,'Beure jadida 450g',10,0,0,NULL,0,40,NULL,NULL,'BL000018',NULL,NULL,''),(274,'Amoxiciline - carton x10',5,0,0,NULL,0,24,NULL,NULL,'BL000019',NULL,NULL,''),(275,'Cable u1000 3g1,5mm - ml',50,750,0,NULL,0,49,NULL,NULL,NULL,NULL,'DV000018',''),(277,'Cable u1000 3g1,5mm - ml',50,750,0,NULL,0,49,'BC000022',NULL,NULL,NULL,NULL,''),(278,'Cable u1000 3g1,5mm - ml',15,0,0,NULL,0,49,NULL,NULL,'BL000020',NULL,NULL,''),(281,'Brolie',1,0,0,NULL,0,4,NULL,NULL,NULL,'LV000003',NULL,''),(285,'Cable u1000 3g1,5mm - ml',51,750,0,NULL,0,49,NULL,'OA000002',NULL,NULL,NULL,''),(286,'Cable u1000 3g1,5mm - ml',40,0,0,NULL,0,49,NULL,NULL,NULL,'LV000004',NULL,''),(289,'Amoxiciline - carton x10',10,0,0,NULL,0,24,NULL,NULL,NULL,'LV000005',NULL,''),(290,'Brolie',7,0,0,NULL,0,4,NULL,NULL,NULL,'LV000005',NULL,''),(291,'Amoxiciline - carton x10',10,0,0,NULL,0,24,NULL,NULL,NULL,'LV000006',NULL,''),(292,'Brolie',6,0,0,NULL,0,4,NULL,NULL,NULL,'LV000006',NULL,''),(294,'Miroir',5,0,0,NULL,0,51,NULL,NULL,NULL,'LV000007',NULL,''),(296,'Miroir',15,3500,0,NULL,0,51,NULL,'OA000003',NULL,NULL,NULL,''),(297,'Miroir',4,0,0,NULL,0,51,NULL,NULL,NULL,'LV000008',NULL,''),(299,'Pince universelle - pièce',10,0,0,NULL,0,7,NULL,NULL,NULL,'LV000009',NULL,''),(300,'Amoxiciline - carton x10',10,0,0,NULL,0,24,NULL,NULL,NULL,'LV000001',NULL,NULL),(301,'Brolie',9,0,0,NULL,0,4,NULL,NULL,NULL,'LV000001',NULL,NULL),(302,'Puce mtn - carton x12',3,0,0,NULL,0,35,NULL,NULL,NULL,'LV000001',NULL,NULL),(312,'Amoxiciline - plaquette',49,396,0,NULL,0,10,NULL,NULL,NULL,NULL,NULL,'SS000001'),(313,'Cable u1000 3g1,5mm - ml',50,750,0,NULL,0,49,NULL,NULL,NULL,NULL,'DV000019',NULL),(314,'Amoxiciline - plaquette',1,550,0,NULL,0,10,NULL,NULL,NULL,NULL,'DV000019',NULL),(316,'Amoxiciline - carton x10',30,1800,0,NULL,0,24,NULL,'OA000001',NULL,NULL,NULL,NULL),(317,'Brolie',26,1300,0,NULL,0,4,NULL,'OA000001',NULL,NULL,NULL,NULL),(318,'Puce mtn - carton x12',7,2000,0,NULL,0,35,NULL,'OA000001',NULL,NULL,NULL,NULL),(319,'Amoxiciline - carton x10',29,1800,0,NULL,0,24,'BC000021',NULL,NULL,NULL,NULL,NULL),(320,'Beure jadida 450g',15,2998,0,NULL,0,40,'BC000021',NULL,NULL,NULL,NULL,NULL),(321,'Amoxiciline - plaquette',5,550,0,NULL,0,10,'BC000023',NULL,NULL,NULL,NULL,NULL),(322,'Amoxiciline - plaquette',2,396,0,NULL,0,10,NULL,NULL,NULL,NULL,NULL,'MS000001'),(324,'Ballais a main',54,700,0,NULL,0,13,NULL,NULL,NULL,NULL,NULL,'ES000003'),(325,'Brolie - carton x6',50,5000,0,NULL,0,30,NULL,NULL,NULL,NULL,NULL,'ES000003'),(326,'Iphone 7+',7,150000,0,NULL,0,11,NULL,NULL,NULL,NULL,NULL,'ES000003'),(327,'Bonbon choco',15,18,0,NULL,0,37,NULL,NULL,NULL,NULL,NULL,'MS000002'),(328,'Ralonge',5,3000,0,NULL,0,57,NULL,NULL,NULL,NULL,'DV000020',NULL),(329,'Amoxiciline - carton x10',10,1800,0,NULL,0,24,NULL,NULL,NULL,NULL,'DV000021',NULL),(332,'Amoxiciline - carton x10',10,0,0,NULL,0,24,NULL,NULL,'BL000021',NULL,NULL,NULL),(333,'Doliprane 1000 mg',5,0,0,NULL,0,16,NULL,NULL,'BL000021',NULL,NULL,NULL),(334,'Amoxe',5,0,0,NULL,0,54,NULL,NULL,NULL,NULL,NULL,'MS000003'),(335,'Timberlin',5,5000,0,NULL,0,62,NULL,NULL,NULL,NULL,'DV000022',NULL),(336,'Bonbon choco',8,50,0,NULL,0,37,NULL,NULL,NULL,NULL,'DV000022',NULL),(337,'Timberlin',100,1491,0,NULL,0,62,NULL,NULL,NULL,NULL,NULL,'ES000004'),(342,'Laptop hp - piece',5,200000,0,NULL,0,66,NULL,NULL,NULL,NULL,'DV000023',NULL),(343,'Ampoule - carton x10',50,7500,0,NULL,0,46,NULL,NULL,NULL,NULL,'DV000023',NULL),(344,'Couche morflix t4',5,500,0,NULL,0,19,NULL,NULL,NULL,NULL,'DV000023',NULL),(348,'Laptop hp - piece',5,0,0,NULL,0,66,NULL,NULL,'BL000022',NULL,NULL,NULL),(349,'Ampoule - carton x10',25,0,0,NULL,0,46,NULL,NULL,'BL000022',NULL,NULL,NULL),(350,'Couche morflix t4',5,0,0,NULL,0,19,NULL,NULL,'BL000022',NULL,NULL,NULL),(351,'Laptop hp - piece',0,200000,0,NULL,0,66,'BC000025',NULL,NULL,NULL,NULL,NULL),(352,'Ampoule - carton x10',50,7500,0,NULL,0,46,'BC000025',NULL,NULL,NULL,NULL,NULL),(353,'Couche morflix t4',5,500,0,NULL,0,19,'BC000025',NULL,NULL,NULL,NULL,NULL),(360,'Amoxiciline - carton x10',5,1800,0,NULL,0,24,'BC000015',NULL,NULL,NULL,NULL,NULL),(361,'Top djino 1l - bouteille',10,850,0,NULL,0,3,'BC000015',NULL,NULL,NULL,NULL,NULL),(363,'Ampoule - pièce',15,800,0,NULL,0,2,NULL,NULL,NULL,NULL,'DV000025',NULL),(364,'Amoxiciline - carton x10',15,1800,0,NULL,0,24,'BC000024',NULL,NULL,NULL,NULL,NULL),(365,'Doliprane 1000 mg',7,1000,0,NULL,0,16,'BC000024',NULL,NULL,NULL,NULL,NULL),(369,'Beure jadida 450g',5,0,0,NULL,0,40,NULL,NULL,'BL000023',NULL,NULL,NULL),(370,'Bonbon choco',10,0,0,NULL,0,37,NULL,NULL,'BL000023',NULL,NULL,NULL),(371,'Beure jadida 450g',5,2998,0,NULL,0,40,'BC000026',NULL,NULL,NULL,NULL,NULL),(372,'Bonbon choco',10,50,0,NULL,0,37,'BC000026',NULL,NULL,NULL,NULL,NULL),(373,'Pince universelle - pièce',25,0,0,NULL,0,7,NULL,NULL,NULL,'LV000010',NULL,NULL),(374,'Pince universelle - pièce',25,2000,0,NULL,0,7,NULL,'OA000004',NULL,NULL,NULL,NULL),(375,'Couche morflix t4',150,2500,0,NULL,0,19,NULL,'OA000005',NULL,NULL,NULL,NULL),(380,'Bonbon choco',13,18,0,NULL,0,37,NULL,'OA000006',NULL,NULL,NULL,NULL),(381,'Amoxiciline - plaquette',1,0,0,NULL,0,10,NULL,NULL,'BL000024',NULL,NULL,NULL),(383,'Bonbon choco',4,0,0,NULL,0,37,NULL,NULL,NULL,'LV000011',NULL,NULL),(385,'Amoxiciline - carton x10',12,1000,0,NULL,0,24,NULL,NULL,NULL,NULL,NULL,'ES000006'),(386,'Ampiciline',8,2500,0,NULL,0,18,NULL,NULL,NULL,NULL,NULL,'ES000006'),(387,'Beure jadida 450g',15,2500,0,NULL,0,40,NULL,NULL,NULL,NULL,NULL,'ES000006'),(388,'Ampoule - pièce',3,500,0,NULL,0,2,NULL,NULL,NULL,NULL,NULL,'ES000006'),(389,'Amoxiciline - carton x10',10,1000,0,NULL,0,24,NULL,NULL,NULL,NULL,NULL,'SS000002'),(390,'Ampoule - pièce',12,500,0,NULL,0,2,NULL,NULL,NULL,NULL,NULL,'SS000002'),(391,'Amoxiciline - plaquette',7,396,0,NULL,0,10,NULL,NULL,NULL,NULL,NULL,'MS000004'),(392,'Beure jadida 450g',12,2500,0,NULL,0,40,NULL,NULL,NULL,NULL,NULL,'MS000004'),(393,'Cable u1000 3g1,5mm - ml',10,600,0,NULL,0,49,NULL,NULL,NULL,NULL,NULL,'MS000004'),(394,'Brolie',8,1000,0,NULL,0,4,NULL,NULL,NULL,NULL,NULL,'MS000004'),(399,'Tomate en boite',5,300,0,NULL,0,70,NULL,'OA000007',NULL,NULL,NULL,NULL),(403,'Tomate en boite',5,300,0,NULL,0,70,NULL,NULL,NULL,NULL,NULL,'ES000007'),(405,'Tomate en boite',5,300,0,1,0,70,NULL,NULL,NULL,'LV000012',NULL,NULL),(406,'Top pamplemous - bouteille',72,450,0,NULL,0,6,NULL,NULL,NULL,NULL,NULL,'ES000008'),(407,'Sebago-maron',100,4000,0,NULL,0,63,NULL,NULL,NULL,NULL,NULL,'ES000005'),(409,'Couche morflix t4',4,400,0,NULL,0,19,NULL,NULL,NULL,NULL,NULL,'ES000009'),(410,'Diluant celulosique - bouteille',15,1100,0,NULL,0,71,NULL,'OA000008',NULL,NULL,NULL,NULL),(411,'Diluant celulosique - bouteille',10,1100,0,NULL,0,71,NULL,NULL,NULL,'LV000013',NULL,NULL),(412,'Ampoule - pièce',10,0,0,NULL,0,2,NULL,NULL,'BL000025',NULL,NULL,NULL),(413,'Ampoule - pièce',25,0,0,NULL,0,2,NULL,NULL,'BL000026',NULL,NULL,NULL),(414,'Amoxiciline',7,0,0,NULL,0,10,NULL,NULL,'BL000027',NULL,NULL,NULL),(415,'Amoxiciline - carton x10',1,0,0,NULL,0,24,NULL,NULL,'BL000028',NULL,NULL,NULL),(416,'Amoxiciline',1,0,0,NULL,0,10,NULL,NULL,'BL000029',NULL,NULL,NULL),(417,'Ampiciline - plaquette',1,0,0,NULL,0,27,NULL,NULL,'BL000030',NULL,NULL,NULL),(418,'Ampoule - pièce',10,0,0,NULL,0,2,NULL,NULL,'BL000031',NULL,NULL,NULL),(419,'Cable u1000 3g1,5mm - rouleau',2,75000,0,NULL,53424.7,50,'BC000029',NULL,NULL,NULL,NULL,NULL),(420,'Beure jadida 450g',2,2998,0,NULL,2500,40,'BC000029',NULL,NULL,NULL,NULL,NULL),(421,'Colgate herbal 7g - tube',1,700,0,NULL,450,5,'BC000029',NULL,NULL,NULL,NULL,NULL),(422,'Carnet de note',5,350,0,NULL,0,69,'BC000029',NULL,NULL,NULL,NULL,NULL),(423,'Laptop hp - piece',10,200000,0,NULL,150000,66,'BC000029',NULL,NULL,NULL,NULL,NULL),(424,'Cable u1000 3g1,5mm - rouleau',2,0,0,NULL,0,50,NULL,NULL,'BL000032',NULL,NULL,NULL),(425,'Beure jadida 450g',2,0,0,NULL,0,40,NULL,NULL,'BL000032',NULL,NULL,NULL),(426,'Colgate herbal 7g - tube',1,0,0,NULL,0,5,NULL,NULL,'BL000032',NULL,NULL,NULL),(427,'Carnet de note',5,0,0,NULL,0,69,NULL,NULL,'BL000032',NULL,NULL,NULL),(428,'Laptop hp - piece',10,0,0,NULL,0,66,NULL,NULL,'BL000032',NULL,NULL,NULL),(429,'Cable u1000 3g1,5mm - ml',40,600,0,NULL,0,49,NULL,NULL,NULL,NULL,NULL,'ES000010'),(430,'Cable u1000 3g1,5mm - rouleau',100,60000,0,NULL,0,50,NULL,NULL,NULL,NULL,NULL,'ES000010'),(431,'Ampoule - pièce',50,800,0,NULL,250,2,'BC000028',NULL,NULL,NULL,NULL,NULL),(432,'Ampiciline - plaquette',5,500,0,NULL,0,27,'BC000028',NULL,NULL,NULL,NULL,NULL),(433,'Amoxiciline - carton x10',5,1800,0,NULL,3578.73,24,'BC000028',NULL,NULL,NULL,NULL,NULL),(434,'Ampoule - carton x10',3,7500,0,NULL,2500,46,'BC000028',NULL,NULL,NULL,NULL,NULL),(435,'Ampoule - pièce',5,0,0,NULL,0,2,NULL,NULL,'BL000033',NULL,NULL,NULL),(436,'Ampiciline - plaquette',5,0,0,NULL,0,27,NULL,NULL,'BL000033',NULL,NULL,NULL),(437,'Amoxiciline - carton x10',5,0,0,NULL,0,24,NULL,NULL,'BL000033',NULL,NULL,NULL),(438,'Ampoule - carton x10',3,0,0,NULL,0,46,NULL,NULL,'BL000033',NULL,NULL,NULL),(439,'Ampoule - pièce',40,0,0,NULL,0,2,NULL,NULL,'BL000034',NULL,NULL,NULL),(440,'Ampiciline - plaquette',5,0,0,NULL,0,27,NULL,NULL,'BL000034',NULL,NULL,NULL),(441,'Amoxiciline - carton x10',5,0,0,NULL,0,24,NULL,NULL,'BL000034',NULL,NULL,NULL),(442,'Ampoule - carton x10',3,0,0,NULL,0,46,NULL,NULL,'BL000034',NULL,NULL,NULL),(443,'Amoxiciline - carton x10',1,0,0,NULL,0,24,NULL,NULL,'BL000035',NULL,NULL,NULL),(444,'Ampiciline',1,0,0,NULL,0,18,NULL,NULL,'BL000035',NULL,NULL,NULL),(445,'Bonbon choco - paquet x20',1,0,0,NULL,0,38,NULL,NULL,'BL000035',NULL,NULL,NULL),(446,'Amoxiciline',2,0,0,NULL,0,10,NULL,NULL,'BL000035',NULL,NULL,NULL),(447,'Ampiciline - plaquette',1,500,0,NULL,0,27,NULL,NULL,NULL,NULL,'DV000026',NULL),(448,'Amoxiciline - carton x10',1,1800,0,NULL,0,24,NULL,NULL,NULL,NULL,'DV000026',NULL),(449,'Ballais a main',1,1500,0,NULL,0,13,NULL,NULL,NULL,NULL,'DV000026',NULL),(450,'Beure jadida 450g',1,2998,0,NULL,0,40,NULL,NULL,NULL,NULL,'DV000026',NULL),(451,'Amoxiciline - plaquette',10,550,0,NULL,357.873,10,'BC000030',NULL,NULL,NULL,NULL,NULL),(452,'Doliprane 1000 mg',2,1000,0,NULL,799,16,'BC000030',NULL,NULL,NULL,NULL,NULL),(453,'Cable u1000 3g1,5mm - rouleau',6,75000,0,NULL,59769.3,50,'BC000030',NULL,NULL,NULL,NULL,NULL),(454,'Huile mayor - carton x15',10,22500,0,NULL,21000,33,'BC000030',NULL,NULL,NULL,NULL,NULL),(455,'Doliprane 1000 mg',2,0,0,NULL,0,16,NULL,NULL,'BL000036',NULL,NULL,NULL),(456,'Cable u1000 3g1,5mm - rouleau',6,0,0,NULL,0,50,NULL,NULL,'BL000036',NULL,NULL,NULL),(457,'Huile mayor - carton x15',10,0,0,NULL,0,33,NULL,NULL,'BL000036',NULL,NULL,NULL),(461,'Amoxiciline - plaquette',10,0,0,NULL,0,10,NULL,NULL,'BL000037',NULL,NULL,NULL),(462,'Amoxiciline - carton x10',5,0,0,NULL,0,24,NULL,NULL,'BL000037',NULL,NULL,NULL),(463,'Bonbon choco',2,0,0,NULL,0,37,NULL,NULL,'BL000037',NULL,NULL,NULL),(464,'Amoxiciline - plaquette',5,0,0,NULL,0,10,NULL,NULL,'BL000038',NULL,NULL,NULL),(466,'Amoxiciline - plaquette',1,550,250,2,357.873,10,'BC000027',NULL,NULL,NULL,NULL,NULL),(467,'Amoxiciline - plaquette',1,396,0,NULL,0,10,NULL,'OA000009',NULL,NULL,NULL,NULL),(468,'Amoxiciline - plaquette',1,396,0,NULL,0,10,NULL,NULL,NULL,'LV000014',NULL,NULL),(469,'Amoxiciline - carton x10',15,1800,0,NULL,3578.93,24,'BC000032',NULL,NULL,NULL,NULL,NULL),(470,'Brolie - carton x6',10,6500,0,NULL,2941.18,30,'BC000032',NULL,NULL,NULL,NULL,NULL),(471,'Amoxiciline - carton x10',80,1000,0,NULL,0,24,NULL,NULL,NULL,NULL,NULL,'ES000011'),(472,'Blue carte',30,200,0,NULL,0,93,NULL,NULL,NULL,NULL,NULL,'ES000012'),(476,'Blue carte',0,200,0,NULL,0,93,NULL,NULL,NULL,NULL,NULL,'ES000013'),(477,'Diluant celulosique - bouteille',50,1000,0,NULL,0,71,NULL,'OA000010',NULL,NULL,NULL,NULL),(478,'Luste ecristal',25,70000,0,NULL,0,108,NULL,'OA000010',NULL,NULL,NULL,NULL),(479,'Diluant celulosique - bouteille',50,1000,0,NULL,0,71,NULL,NULL,NULL,'LV000015',NULL,NULL),(480,'Luste ecristal',20,70000,0,NULL,0,108,NULL,NULL,NULL,'LV000015',NULL,NULL),(481,'Luste ecristal',5,70000,0,NULL,0,108,NULL,NULL,NULL,'LV000016',NULL,NULL),(482,'Luste ecristal',15,50000,0,NULL,0,108,NULL,NULL,NULL,NULL,NULL,'ES000014'),(483,'Activa spirale',20,100,0,NULL,0,80,NULL,NULL,NULL,NULL,'DV000027',NULL),(484,'Activa spirale - carton x5',10,400,0,NULL,0,111,NULL,NULL,NULL,NULL,'DV000027',NULL),(485,'Diluant celulosique - bouteille',15,1200,0,NULL,0,71,NULL,NULL,NULL,NULL,'DV000027',NULL),(486,'Fenêtre',19,15000,0,NULL,0,114,NULL,NULL,NULL,NULL,NULL,'ES000015'),(490,'Amoxiciline - plaquette',15,550,0,NULL,281.48,10,'BC000031',NULL,NULL,NULL,NULL,NULL),(491,'Amoxiciline - carton x10',5,1800,0,NULL,2814.8,24,'BC000031',NULL,NULL,NULL,NULL,NULL),(492,'Bonbon choco',2,50,0,NULL,18,37,'BC000031',NULL,NULL,NULL,NULL,NULL),(493,'Activa spirale - carton x5',5,400,0,NULL,0,111,NULL,NULL,NULL,NULL,'DV000028',NULL),(494,'Ampoule - pièce',5,800,0,NULL,0,2,NULL,NULL,NULL,NULL,'DV000029',NULL),(495,'Ampoule - pièce',5,800,0,NULL,250,2,'BC000033',NULL,NULL,NULL,NULL,NULL),(496,'Activa spirale - carton x5',5,400,0,NULL,0,111,NULL,NULL,NULL,NULL,'DV000030',NULL),(497,'Activa spirale - carton x5',5,400,0,NULL,250,111,'BC000034',NULL,NULL,NULL,NULL,NULL),(498,'Adaptateurs secteur  120v',5,500,0,NULL,0,86,NULL,NULL,NULL,NULL,'DV000031',NULL),(499,'Adaptateurs secteur  120v',6,500,0,NULL,0,86,NULL,NULL,NULL,NULL,'DV000032',NULL),(500,'Adaptateurs secteur  120v',6,500,0,NULL,250,86,'BC000035',NULL,NULL,NULL,NULL,NULL),(502,'Ampoule - pièce',800,800,0,NULL,250,2,'BC000036',NULL,NULL,NULL,NULL,NULL),(503,'Ampoule - pièce',809,800,0,NULL,0,2,NULL,NULL,NULL,NULL,'DV000033',NULL),(504,'Adaptateurs secteur  120v',4,0,0,NULL,0,86,NULL,NULL,'BL000039',NULL,NULL,NULL),(505,'Activa spirale - carton x5',20.4,400,160,NULL,250,111,'BC000037',NULL,NULL,NULL,NULL,NULL),(506,' Activa spirale - carton x5',10,200,0,NULL,0,111,NULL,NULL,NULL,NULL,NULL,'MS000005'),(507,' Activa spirale',1,100,0,NULL,50,80,'BC000038',NULL,NULL,NULL,NULL,NULL),(508,' Activa spirale - carton x5',1,400,0,NULL,250,111,'BC000039',NULL,NULL,NULL,NULL,NULL),(509,' Adaptateurs secteur  120v',1,500,0,NULL,250,86,'BC000039',NULL,NULL,NULL,NULL,NULL),(510,' Location de vehicule - heure',5,15000,0,NULL,5000,117,'BC000039',NULL,NULL,NULL,NULL,NULL),(511,' Activa spirale - carton x5',1,0,0,NULL,0,111,NULL,NULL,'BL000040',NULL,NULL,NULL),(512,' Adaptateurs secteur  120v',1,0,0,NULL,0,86,NULL,NULL,'BL000040',NULL,NULL,NULL),(513,' Location de vehicule - heure',3,0,0,NULL,0,117,NULL,NULL,'BL000040',NULL,NULL,NULL),(514,' Location de vehicule - heure',2,0,0,NULL,0,117,NULL,NULL,'BL000041',NULL,NULL,NULL),(515,' Adaptateurs secteur  120v',10,500,0,NULL,0,86,NULL,NULL,NULL,NULL,'DV000034',NULL),(516,' Amoxiciline - carton x10',4,1800,0,NULL,0,24,NULL,NULL,NULL,NULL,'DV000035',NULL),(517,' Ampoule - carton x10',5,7500,0,NULL,0,46,NULL,NULL,NULL,NULL,'DV000035',NULL),(518,' Ballais a main',10,1500,0,NULL,0,13,NULL,NULL,NULL,NULL,'DV000036',NULL),(519,' Applique cristal - pièce',10,50000,0,NULL,0,110,NULL,NULL,NULL,NULL,'DV000036',NULL),(520,' Location de vehicule - heure',3,15000,0,NULL,0,117,NULL,NULL,NULL,NULL,'DV000037',NULL);
/*!40000 ALTER TABLE `ligne_document` ENABLE KEYS */;
UNLOCK TABLES;

--
-- Table structure for table `ligne_facture`
--

DROP TABLE IF EXISTS `ligne_facture`;
/*!40101 SET @saved_cs_client     = @@character_set_client */;
/*!50503 SET character_set_client = utf8mb4 */;
CREATE TABLE `ligne_facture` (
  `id` int(11) NOT NULL AUTO_INCREMENT,
  `id_facture` varchar(30) NOT NULL,
  `id_pack` int(11) NOT NULL,
  `id_taxe` int(11) DEFAULT NULL,
  `designation` varchar(100) DEFAULT NULL,
  `quantite` float DEFAULT NULL,
  `prix` float DEFAULT NULL,
  `remise` float DEFAULT NULL,
  `prix_achat` float DEFAULT NULL,
  `cout_UMP` float DEFAULT '0',
  PRIMARY KEY (`id`),
  KEY `FKLigne_fact281008` (`id_facture`),
  KEY `FKLigne_fact191145` (`id_pack`),
  KEY `FKLigne_fact430763` (`id_taxe`),
  CONSTRAINT `FKLigne_fact191145` FOREIGN KEY (`id_pack`) REFERENCES `pack` (`id`),
  CONSTRAINT `FKLigne_fact281008` FOREIGN KEY (`id_facture`) REFERENCES `facture` (`id_facture`),
  CONSTRAINT `FKLigne_fact430763` FOREIGN KEY (`id_taxe`) REFERENCES `taxe` (`id`)
) ENGINE=InnoDB AUTO_INCREMENT=1132 DEFAULT CHARSET=utf8mb4;
/*!40101 SET character_set_client = @saved_cs_client */;

--
-- Dumping data for table `ligne_facture`
--

LOCK TABLES `ligne_facture` WRITE;
/*!40000 ALTER TABLE `ligne_facture` DISABLE KEYS */;
INSERT INTO `ligne_facture` VALUES (99,'FA000001',10,NULL,'Amoxiciline',1,550,0,NULL,400),(100,'FA000001',18,NULL,'Ampiciline',10,800,0,NULL,0),(101,'FA000001',10,NULL,'Amoxiciline',1,550,0,NULL,400),(102,'FA000002',16,NULL,'Doliprane 1000 mg',1,1000,0,NULL,799),(103,'FA000002',19,NULL,'Couche morflix t4',1,1500,0,NULL,0),(104,'FA000002',16,NULL,'Doliprane 1000 mg',1,1000,0,NULL,799),(105,'FA000002',19,NULL,'Couche morflix t4',1,1500,0,NULL,0),(106,'FA000003',18,NULL,'Ampiciline',1,500,0,NULL,0),(107,'FA000003',4,NULL,'Brolie',1,1300,0,NULL,0),(108,'FA000004',10,NULL,'Amoxiciline',1,550,0,NULL,400),(109,'FA000005',10,1,'Amoxiciline',5,550,0,NULL,400),(110,'FA000005',2,1,'Ampoule - pièce',10,800,0,NULL,250),(111,'FA000005',4,1,'Brolie',3,1300,0,NULL,0),(112,'FA000005',5,1,'Colgate herbal 7g - tube',1,700,0,NULL,450),(113,'FA000006',10,NULL,'Amoxiciline',1,550,0,NULL,400),(114,'FA000006',5,NULL,'Colgate herbal 7g - tube',1,700,0,NULL,450),(115,'FA000006',16,NULL,'Doliprane 1000 mg',1,1000,0,NULL,799),(116,'FA000006',16,NULL,'Doliprane 1000 mg',1,1000,0,NULL,799),(117,'FA000006',16,NULL,'Doliprane 1000 mg',1,1000,0,NULL,799),(118,'FA000007',2,1,'Ampoule - pièce',5,800,0,NULL,250),(119,'FA000007',13,1,'Ballais a main',4,1500,0,NULL,0),(120,'FA000007',4,1,'Brolie',2,1300,0,NULL,0),(121,'FA000007',16,1,'Doliprane 1000 mg',6,1000,0,NULL,799),(122,'FA000008',2,2,'Ampoule - pièce',50,800,0,NULL,250),(123,'FA000008',9,2,'Corde torcade rouge - ml',20,1500,0,NULL,501),(124,'FA000008',9,2,'Corde torcade rouge - ml',5,1500,0,NULL,501),(125,'FA000008',6,2,'Top pamplemous - bouteille',26,525,0,NULL,400),(126,'FA000009',13,NULL,'Ballais a main',1,1500,0,NULL,0),(127,'FA000009',10,NULL,'Amoxiciline',1,550,0,NULL,400),(128,'FA000009',16,NULL,'Doliprane 1000 mg',4,1000,0,NULL,799),(129,'FA000010',10,NULL,'Amoxiciline',1,550,0,NULL,400),(130,'FA000010',13,NULL,'Ballais a main',1,1500,0,NULL,0),(131,'FA000010',16,NULL,'Doliprane 1000 mg',1,1000,0,NULL,799),(132,'FA000011',10,NULL,'Amoxiciline',1,550,0,NULL,400),(133,'FA000011',13,NULL,'Ballais a main',1,1500,0,NULL,0),(134,'FA000011',16,NULL,'Doliprane 1000 mg',1,1000,0,NULL,799),(135,'FA000012',18,NULL,'Ampiciline',2,500,0,NULL,0),(136,'FA000012',16,NULL,'Doliprane 1000 mg',2,1000,0,NULL,799),(137,'FA000012',20,NULL,'Glass',5,2000,0,NULL,1500),(138,'FA000012',15,NULL,'Huile mayor',3,1650,0,NULL,1400),(139,'FA000013',18,NULL,'Ampiciline',1,500,0,NULL,0),(140,'FA000013',13,NULL,'Ballais a main',1,1500,0,NULL,0),(141,'FA000013',9,NULL,'Corde torcade rouge - ml',1,1500,0,NULL,501),(142,'FA000014',18,NULL,'Ampiciline',3,500,200,NULL,0),(143,'FA000014',9,NULL,'Corde torcade rouge - ml',5,1500,0,NULL,501),(144,'FA000014',17,NULL,'Cristaux de menthe',8,0,0,NULL,0),(145,'FA000014',16,NULL,'Doliprane 1000 mg',5,1000,0,NULL,799),(146,'FA000015',18,NULL,'Ampiciline',30,500,0,NULL,0),(147,'FA000015',14,NULL,'Poisson fumee',5,850,0,NULL,0),(148,'FA000015',19,NULL,'Couche morflix t4',2,0,0,NULL,0),(149,'FA000015',13,NULL,'Ballais a main',5,1500,0,NULL,0),(150,'FA000016',18,NULL,'Ampiciline',5,500,0,NULL,0),(151,'FA000016',6,NULL,'Top pamplemous - bouteille',8,525,0,NULL,400),(152,'FA000016',3,NULL,'Top djino 1l - bouteille',10,850,0,NULL,400),(153,'FA000016',5,NULL,'Colgate herbal 7g - tube',5,700,0,NULL,450),(156,'FA000018',18,NULL,'Ampiciline',5,500,0,NULL,0),(157,'FA000018',13,NULL,'Ballais a main',1,1500,0,NULL,0),(158,'FA000019',10,NULL,'Amoxiciline',20,550,0,NULL,400),(159,'FA000019',18,NULL,'Ampiciline',10,500,0,NULL,0),(160,'FA000019',5,NULL,'Colgate herbal 7g - tube',5,700,0,NULL,450),(161,'FA000020',13,NULL,'Ballais a main',5,1500,0,NULL,0),(162,'FA000020',16,NULL,'Doliprane 1000 mg',9,1000,0,NULL,799),(163,'FA000021',10,NULL,'Amoxiciline',1,550,0,NULL,400),(164,'FA000022',18,NULL,'Ampiciline',4,500,0,NULL,0),(165,'FA000022',13,NULL,'Ballais a main',2,1500,0,NULL,0),(166,'FA000022',4,NULL,'Brolie',4,1300,0,NULL,0),(167,'FA000022',21,NULL,'Savon mayor',2,850,0,NULL,0),(168,'FA000023',10,NULL,'Amoxiciline',1,550,0,NULL,400),(169,'FA000024',18,NULL,'Ampiciline',9,500,0,NULL,0),(170,'FA000024',10,NULL,'Amoxiciline',6,550,0,NULL,400),(171,'FA000024',13,NULL,'Ballais a main',3,1500,0,NULL,0),(172,'FA000024',4,NULL,'Brolie',1,1300,0,NULL,0),(173,'FA000024',19,NULL,'Couche morflix t4',1,0,0,NULL,0),(174,'FA000024',17,NULL,'Cristaux de menthe',5,0,0,NULL,0),(175,'FA000024',16,NULL,'Doliprane 1000 mg',1,1000,0,NULL,799),(176,'FA000025',10,1,'Amoxiciline',1,550,500,NULL,400),(177,'FA000025',5,1,'Colgate herbal 7g - tube',1,700,0,NULL,450),(178,'FA000025',3,1,'Top djino 1l - bouteille',1,850,0,NULL,400),(179,'FA000026',10,NULL,'Amoxiciline',1,550,0,NULL,400),(180,'FA000026',2,NULL,'Ampoule - pièce',1,800,0,NULL,250),(181,'FA000026',13,NULL,'Ballais a main',1,1500,0,NULL,0),(182,'FA000026',10,NULL,'Amoxiciline',1,550,0,NULL,400),(183,'FA000027',18,NULL,'Ampiciline',1,500,0,NULL,0),(184,'FA000028',10,NULL,'Amoxiciline',1,550,0,NULL,400),(185,'FA000028',2,NULL,'Ampoule - pièce',1,800,0,NULL,250),(186,'FA000028',18,NULL,'Ampiciline',1,500,0,NULL,0),(187,'FA000028',2,NULL,'Ampoule - pièce',1,800,0,NULL,250),(188,'FA000028',2,NULL,'Ampoule - pièce',1,800,0,NULL,250),(189,'FA000028',10,NULL,'Amoxiciline',1,550,0,NULL,400),(190,'FA000028',2,NULL,'Ampoule - pièce',1,800,0,NULL,250),(191,'FA000028',2,NULL,'Ampoule - pièce',1,800,0,NULL,250),(192,'FA000028',18,NULL,'Ampiciline',1,500,0,NULL,0),(193,'FA000028',2,NULL,'Ampoule - pièce',1,800,0,NULL,250),(194,'FA000028',10,NULL,'Amoxiciline',1,550,0,NULL,400),(195,'FA000028',10,NULL,'Amoxiciline',1,550,0,NULL,400),(196,'FA000028',9,NULL,'Corde torcade rouge - ml',1,1500,0,NULL,501),(197,'FA000028',5,NULL,'Colgate herbal 7g - tube',1,700,0,NULL,450),(198,'FA000028',9,NULL,'Corde torcade rouge - ml',1,1500,0,NULL,501),(199,'FA000028',5,NULL,'Colgate herbal 7g - tube',1,700,0,NULL,450),(200,'FA000028',19,NULL,'Couche morflix t4',1,0,0,NULL,0),(201,'FA000028',20,NULL,'Glass',1,2000,0,NULL,1500),(202,'FA000028',19,NULL,'Couche morflix t4',1,0,0,NULL,0),(203,'FA000028',9,NULL,'Corde torcade rouge - ml',1,1500,0,NULL,501),(204,'FA000028',5,NULL,'Colgate herbal 7g - tube',1,700,0,NULL,450),(205,'FA000028',4,NULL,'Brolie',1,1300,0,NULL,0),(206,'FA000028',18,NULL,'Ampiciline',1,500,0,NULL,0),(207,'FA000028',2,NULL,'Ampoule - pièce',1,800,0,NULL,250),(208,'FA000028',13,NULL,'Ballais a main',1,1500,0,NULL,0),(209,'FA000028',13,NULL,'Ballais a main',1,1500,0,NULL,0),(210,'FA000028',19,NULL,'Couche morflix t4',1,0,0,NULL,0),(211,'FA000028',18,NULL,'Ampiciline',1,500,0,NULL,0),(212,'FA000029',18,NULL,'Ampiciline',1,500,0,NULL,0),(213,'FA000030',18,NULL,'Ampiciline',1,500,0,NULL,0),(214,'FA000030',13,NULL,'Ballais a main',1,1500,0,NULL,0),(215,'FA000030',2,NULL,'Ampoule - pièce',1,800,0,NULL,250),(763,'FA000031',10,NULL,'Amoxiciline',1,550,0,NULL,400),(764,'FA000031',18,NULL,'Ampiciline',1,500,0,NULL,0),(765,'FA000032',24,2,'Amoxiciline - carton x10',5,1800,0,NULL,4000),(766,'FA000032',2,2,'Ampoule - pièce',1,800,0,NULL,250),(767,'FA000032',10,2,'Amoxiciline',1,550,0,NULL,400),(768,'FA000033',10,NULL,'Amoxiciline',1,550,0,NULL,400),(769,'FA000033',24,NULL,'Amoxiciline - carton x10',1,1800,0,NULL,4000),(774,'FA000017',18,NULL,'Ampiciline',5,500,0,NULL,0),(775,'FA000017',16,NULL,'Doliprane 1000 mg',8,1000,0,NULL,799),(776,'FA000035',24,1,'Amoxiciline - carton x10',1,1800,0,NULL,4000),(777,'FA000035',10,1,'Amoxiciline',1,550,0,NULL,400),(778,'FA000034',18,1,'Ampiciline',1,500,0,NULL,0),(779,'FA000034',19,1,'Couche morflix t4',1,0,0,NULL,0),(780,'FA000036',4,NULL,'Brolie',1,1300,0,NULL,0),(792,'FA000037',10,1,'Amoxiciline',1,550,0,NULL,400),(793,'FA000037',10,1,'Amoxiciline',1,550,0,NULL,400),(794,'FA000037',10,1,'Amoxiciline',1,550,0,NULL,400),(796,'FA000038',18,NULL,'Ampiciline',1,500,0,NULL,0),(797,'FA000039',30,NULL,'Brolie - carton x6',1,6500,0,NULL,0),(798,'FA000039',19,NULL,'Couche morflix t4',1,0,0,NULL,0),(799,'FA000039',17,NULL,'Cristaux de menthe',1,0,0,NULL,0),(800,'FA000040',36,NULL,'Tecno phantom',1,60000,0,NULL,150000),(801,'FA000041',2,NULL,'Ampoule - pièce',3,800,0,NULL,250),(802,'FA000041',13,NULL,'Ballais a main',2,1500,0,NULL,0),(803,'FA000042',27,NULL,'Ampiciline - plaquette',5000,500,0,NULL,0),(804,'FA000043',18,NULL,'Ampiciline',1,500,0,NULL,0),(805,'FA000043',13,NULL,'Ballais a main',1,1500,0,NULL,0),(809,'FA000044',2,1,'Ampoule - pièce',5,800,0,NULL,250),(810,'FA000044',19,1,'Couche morflix t4',66,1250,0,NULL,0),(811,'FA000045',24,NULL,'Amoxiciline - carton x10',1,1800,0,NULL,4000),(818,'FA000047',24,NULL,'Amoxiciline - carton x10',1,1800,0,NULL,4000),(819,'FA000047',27,NULL,'Ampiciline - plaquette',1,500,0,NULL,0),(820,'FA000048',18,NULL,'Ampiciline',1,500,0,NULL,0),(821,'FA000048',38,NULL,'Bonbon choco - paquet x20',2,800,0,NULL,360),(822,'FA000049',24,NULL,'Amoxiciline - carton x10',2,1800,0,NULL,4000),(823,'FA000050',30,NULL,'Brolie - carton x6',5,6500,0,NULL,0),(824,'FA000051',13,NULL,'Ballais a main',1,1500,0,NULL,0),(828,'FA000053',10,NULL,'Amoxiciline',8,550,0,NULL,400),(829,'FA000053',24,NULL,'Amoxiciline - carton x10',3,1800,0,NULL,4000),(830,'FA000053',5,NULL,'Colgate herbal 7g - tube',8,700,0,NULL,450),(831,'FA000054',24,NULL,'Amoxiciline - carton x10',2,1800,0,NULL,4000),(832,'FA000055',5,NULL,'Colgate herbal 7g - tube',1,700,0,NULL,450),(833,'FA000056',5,NULL,'Colgate herbal 7g - tube',1,700,0,NULL,450),(834,'FA000057',18,NULL,'Ampiciline',2,500,0,NULL,0),(835,'FA000058',18,NULL,'Ampiciline',3,500,0,NULL,0),(836,'FA000058',13,NULL,'Ballais a main',3,1500,0,NULL,0),(837,'FA000059',24,NULL,'Amoxiciline - carton x10',2,1800,0,NULL,4000),(838,'FA000059',10,NULL,'Amoxiciline',3,550,0,NULL,400),(839,'FA000060',24,NULL,'Amoxiciline - carton x10',6,1800,0,NULL,4000),(840,'FA000060',5,NULL,'Colgate herbal 7g - tube',8,700,0,NULL,450),(841,'FA000061',38,NULL,'Bonbon choco - paquet x20',1,800,0,NULL,360),(842,'FA000062',24,NULL,'Amoxiciline - carton x10',5,1800,0,NULL,4000),(843,'FA000062',13,NULL,'Ballais a main',8,1500,0,NULL,0),(844,'FA000062',5,NULL,'Colgate herbal 7g - tube',20,700,0,NULL,450),(845,'FA000063',24,NULL,'Amoxiciline - carton x10',2,1800,0,NULL,4000),(846,'FA000063',3,NULL,'Top djino 1l - bouteille',6,850,0,NULL,400),(847,'FA000064',24,NULL,'Amoxiciline - carton x10',3,1800,0,NULL,4000),(848,'FA000064',3,NULL,'Top djino 1l - bouteille',4,850,0,NULL,400),(853,'FA000066',24,NULL,'Amoxiciline - carton x10',5,1800,0,NULL,4000),(854,'FA000066',37,NULL,'Bonbon choco',10,50,0,NULL,18),(855,'FA000065',24,NULL,'Amoxiciline - carton x10',5,1800,0,NULL,4000),(856,'FA000065',37,NULL,'Bonbon choco',3,50,0,NULL,18),(857,'FA000067',41,NULL,'Mayonaise armantine 500g',5,1500,0,NULL,1150),(858,'FA000068',41,NULL,'Mayonaise armantine 500g',10,1500,0,NULL,1150),(860,'FA000070',42,NULL,'Mayonaise armantine 500g - carton x10',3,13500,0,NULL,11500),(861,'FA000069',42,NULL,'Mayonaise armantine 500g - carton x10',1,13500,0,NULL,11500),(862,'FA000046',27,NULL,'Ampiciline - plaquette',5,500,0,NULL,0),(863,'FA000046',13,NULL,'Ballais a main',17,1500,0,NULL,0),(864,'FA000046',10,NULL,'Amoxiciline',1,550,0,NULL,400),(865,'FA000046',18,NULL,'Ampiciline',1,500,0,NULL,0),(866,'FA000046',2,NULL,'Ampoule - pièce',1,800,0,NULL,250),(867,'FA000046',40,NULL,'Beure jadida 450g',1,2998,0,NULL,2500),(868,'FA000046',37,NULL,'Bonbon choco',1,50,0,NULL,18),(869,'FA000046',4,NULL,'Brolie',1,1300,0,NULL,0),(870,'FA000046',30,NULL,'Brolie - carton x6',1,6500,0,NULL,0),(871,'FA000046',5,NULL,'Colgate herbal 7g - tube',1,700,0,NULL,450),(872,'FA000046',9,NULL,'Corde torcade rouge - ml',1,1500,0,NULL,501),(873,'FA000046',17,NULL,'Cristaux de menthe',1,0,0,NULL,0),(874,'FA000046',16,NULL,'Doliprane 1000 mg',1,1000,0,NULL,799),(875,'FA000046',3,NULL,'Top djino 1l - bouteille',1,850,0,NULL,400),(876,'FA000046',15,NULL,'Huile mayor',1,1650,0,NULL,1400),(877,'FA000046',33,NULL,'Huile mayor - carton x15',2,22500,0,NULL,21000),(878,'FA000046',23,NULL,'Iphone 10 se',1,0,0,NULL,0),(879,'FA000046',11,NULL,'Iphone 7+',1,200000,0,NULL,150000),(880,'FA000046',36,NULL,'Tecno phantom',1,60000,0,NULL,150000),(881,'FA000046',8,NULL,'Lait peack',1,0,0,NULL,0),(882,'FA000046',41,NULL,'Mayonaise armantine 500g',1,1500,0,NULL,1150),(883,'FA000046',42,NULL,'Mayonaise armantine 500g - carton x10',1,13500,0,NULL,11500),(884,'FA000046',39,NULL,'Mayonaise clavé',1,0,0,NULL,0),(885,'FA000046',12,NULL,'Moulinex robot',1,30000,0,NULL,15000),(886,'FA000046',7,NULL,'Pince universelle - pièce',1,2000,0,NULL,1000),(887,'FA000046',14,NULL,'Poisson fumee',1,850,0,NULL,0),(888,'FA000046',34,NULL,'Puce mtn',1,500,0,NULL,125),(889,'FA000046',35,NULL,'Puce mtn - carton x12',1,2000,0,NULL,1500),(890,'FA000046',22,NULL,'Savon azure',1,0,0,NULL,0),(891,'FA000046',21,NULL,'Savon mayor',1,0,0,NULL,0),(892,'FA000046',24,NULL,'Amoxiciline - carton x10',10,1800,0,NULL,4000),(893,'FA000071',40,2,'Beure jadida 450g',6,2998,0,NULL,2500),(894,'FA000071',16,2,'Doliprane 1000 mg',15,1000,0,NULL,799),(895,'FA000071',5,2,'Colgate herbal 7g - tube',5,700,0,NULL,450),(899,'FA000072',36,NULL,'Tecno phantom',1,60000,0,NULL,150000),(900,'FA000072',18,NULL,'Ampiciline',1,500,0,NULL,0),(901,'FA000072',13,NULL,'Ballais a main',1,1500,0,NULL,0),(902,'FA000072',24,NULL,'Amoxiciline - carton x10',1,1800,0,NULL,4000),(903,'FA000073',42,NULL,'Mayonaise armantine 500g - carton x10',3,13500,0,NULL,11500),(904,'FA000074',36,NULL,'Tecno phantom',1,60000,0,NULL,150000),(905,'FA000074',10,NULL,'Amoxiciline - plaquette',1,550,0,NULL,400),(906,'FA000074',16,NULL,'Doliprane 1000 mg',1,1000,0,NULL,799),(907,'FA000075',37,NULL,'Bonbon choco',2,50,0,NULL,18),(908,'FA000076',40,NULL,'Beure jadida 450g',10,2998,0,NULL,2500),(909,'FA000077',27,1,'Ampiciline - plaquette',10,500,0,NULL,0),(910,'FA000077',30,1,'Brolie - carton x6',11,6500,0,NULL,0),(911,'FA000078',24,NULL,'Amoxiciline - carton x10',20,1800,0,NULL,4000),(912,'FA000078',40,NULL,'Beure jadida 450g',15,2998,0,NULL,2500),(913,'FA000079',49,NULL,'Cable u1000 3g1,5mm - ml',50,750,0,NULL,600),(914,'FA000052',24,NULL,'Amoxiciline - carton x10',1,1800,0,NULL,4000),(915,'FA000052',10,NULL,'Amoxiciline',10,550,0,NULL,400),(916,'FA000052',2,NULL,'Ampoule - pièce',20,800,0,NULL,250),(917,'FA000080',24,NULL,'Amoxiciline - carton x10',7.9,1800,0,NULL,4000),(918,'FA000081',10,NULL,'Amoxiciline - plaquette',10,550,0,NULL,400),(919,'FA000082',10,NULL,'Amoxiciline - plaquette',5,1000,0,NULL,400),(920,'FA000082',2,NULL,'Ampoule - pièce',3,800,0,NULL,250),(921,'FA000083',16,NULL,'Doliprane 1000 mg',3,1000,0,NULL,799),(922,'FA000083',40,NULL,'Beure jadida 450g',4,2998,0,NULL,2500),(923,'FA000084',10,NULL,'Amoxiciline - plaquette',500,550,0,NULL,400),(924,'FA000085',10,NULL,'Amoxiciline - plaquette',30,550,0,NULL,400),(925,'FA000086',24,NULL,'Amoxiciline - carton x10',6,1800,0,NULL,4000),(926,'FA000086',10,NULL,'Amoxiciline - plaquette',8,550,0,NULL,400),(927,'FA000087',56,NULL,'Amose',5,500,0,NULL,0),(929,'FA000088',57,NULL,'Ralonge',10,3000,0,NULL,2200),(930,'FA000089',57,NULL,'Ralonge',5,3000,0,NULL,2200),(931,'FA000090',13,NULL,'Ballais a main',5,1500,0,NULL,0),(933,'FA000091',58,NULL,'Saba detergeant',40,50,0,NULL,26),(934,'FA000092',10,1,'Amoxiciline - plaquette',1,550,0,NULL,400),(935,'FA000093',24,NULL,'Amoxiciline - carton x10',10,1800,0,NULL,4000),(940,'FA000094',24,5,'Amoxiciline - carton x10',5,1800,1500,NULL,4000),(941,'FA000094',16,5,'Doliprane 1000 mg',7,1000,0,NULL,799),(942,'FA000095',10,NULL,'Amoxiciline - plaquette',1,550,0,NULL,400),(943,'FA000096',60,NULL,'Couche softcare',5,1000,0,NULL,0),(944,'FA000096',61,NULL,'Couche softcare - carton x10',3,10000,0,NULL,0),(949,'FA000097',62,NULL,'Timberlin',5,5000,0,NULL,1500),(950,'FA000097',37,NULL,'Bonbon choco',8,50,0,NULL,18),(955,'FA000098',63,NULL,'Sebago-maron',5,10000,0,NULL,5000),(956,'FA000098',62,NULL,'Timberlin',5,5000,0,NULL,1500),(957,'FA000099',63,NULL,'Sebago-maron',1,10000,0,NULL,5000),(959,'FA000100',18,NULL,'Ampiciline',1,500,0,NULL,0),(960,'FA000101',66,NULL,'Laptop hp - piece',5,200000,0,NULL,150000),(961,'FA000102',24,NULL,'Amoxiciline - carton x10',8,1800,0,NULL,4000),(978,'FA000103',2,NULL,'Ampoule - pièce',30,800,0,NULL,250),(979,'FA000103',13,NULL,'Ballais a main',30,1500,0,NULL,0),(990,'FA000104',30,NULL,'Brolie - carton x6',10,6500,0,NULL,0),(991,'FA000104',40,NULL,'Beure jadida 450g',1,2998,0,NULL,2500),(992,'FA000104',50,NULL,'Cable u1000 3g1,5mm - rouleau',2,75000,0,NULL,60000),(993,'FA000104',10,NULL,'Amoxiciline - plaquette',3,550,0,NULL,400),(994,'FA000104',2,NULL,'Ampoule - pièce',130,800,0,NULL,250),(995,'FA000105',24,NULL,'Amoxiciline - carton x10',5,1800,0,NULL,4000),(996,'FA000106',54,1,'Amoxe',1,1000,500,NULL,0),(997,'FA000107',10,2,'Amoxiciline - plaquette',1,550,250,NULL,357.873),(998,'FA000108',19,NULL,'Couche morflix t4',5,300,0,NULL,160),(1000,'FA000109',6,NULL,'Top pamplemous - bouteille',15,525,0,NULL,427.273),(1001,'FA000109',48,NULL,'Top pamplemous - palette',1,3000,0,NULL,2563.64),(1002,'FA000110',37,NULL,'Bonbon choco',15,50,0,NULL,18),(1003,'FA000111',71,NULL,'Diluant celulosique - bouteille',10,1200,0,NULL,1000),(1007,'FA000112',71,NULL,'Diluant celulosique - bouteille',2,1200,0,NULL,1016.67),(1008,'FA000112',13,NULL,'Ballais a main',2,1500,0,NULL,262.5),(1009,'FA000112',38,NULL,'Bonbon choco - paquet x20',1,800,0,NULL,360),(1010,'FA000113',72,NULL,'Fillance 20-30 - metre',150,5000,0,NULL,4700),(1011,'FA000114',71,NULL,'Diluant celulosique - bouteille',10,1200,0,NULL,1016.67),(1012,'FA000115',2,NULL,'Ampoule - pièce',15,800,0,NULL,250),(1013,'FA000116',18,NULL,'Ampiciline',2,500,0,NULL,0),(1014,'FA000117',24,NULL,'Amoxiciline - carton x10',2,1800,0,NULL,3578.73),(1015,'FA000117',27,NULL,'Ampiciline - plaquette',5,500,0,NULL,0),(1016,'FA000117',40,NULL,'Beure jadida 450g',6,2998,0,NULL,2500),(1021,'FA000119',27,NULL,'Ampiciline - plaquette',1,500,0,NULL,0),(1022,'FA000119',24,NULL,'Amoxiciline - carton x10',1,1800,0,NULL,3578.73),(1023,'FA000119',13,NULL,'Ballais a main',1,1500,0,NULL,262.5),(1024,'FA000119',40,NULL,'Beure jadida 450g',1,2998,0,NULL,2500),(1025,'FA000120',10,NULL,'Amoxiciline - plaquette',15,550,0,NULL,357.873),(1026,'FA000120',24,NULL,'Amoxiciline - carton x10',5,1800,0,NULL,3578.73),(1027,'FA000120',37,NULL,'Bonbon choco',2,50,0,NULL,18),(1031,'FA000122',40,NULL,'Beure jadida 450g',2,2998,0,NULL,2500),(1032,'FA000123',5,NULL,'Colgate herbal 7g - tube',1,700,0,NULL,450),(1037,'FA000118',2,NULL,'Ampoule - pièce',50,800,0,NULL,250),(1038,'FA000118',27,NULL,'Ampiciline - plaquette',5,500,0,NULL,0),(1039,'FA000118',24,NULL,'Amoxiciline - carton x10',5,1800,0,NULL,3578.73),(1040,'FA000118',46,NULL,'Ampoule - carton x10',3,7500,0,NULL,2500),(1043,'FA000124',24,NULL,'Amoxiciline - carton x10',1,1800,0,NULL,3578.73),(1044,'FA000121',50,NULL,'Cable u1000 3g1,5mm - rouleau',2,75000,0,NULL,59769.3),(1045,'FA000121',69,NULL,'Carnet de note',5,350,0,NULL,0),(1046,'FA000121',66,NULL,'Laptop hp - piece',10,200000,0,NULL,150000),(1047,'FA000125',49,NULL,'Cable u1000 3g1,5mm - ml',5,750,0,NULL,597.693),(1049,'FA000127',24,NULL,'Amoxiciline - carton x10',15,1800,0,NULL,3578.93),(1050,'FA000127',30,NULL,'Brolie - carton x6',10,6500,0,NULL,2941.18),(1057,'FA000128',24,NULL,'Amoxiciline - carton x10',60,1800,0,NULL,2814.8),(1058,'FA000128',87,NULL,'Adaptateur mural 500v',1,2500,0,NULL,1000),(1059,'FA000128',102,NULL,'Clavier tesla',15,2000,0,NULL,1500),(1060,'FA000128',103,NULL,'Clavier caisse',15,5000,0,NULL,2500),(1061,'FA000130',24,NULL,'Amoxiciline - carton x10',3,1800,0,NULL,2814.8),(1062,'FA000131',24,NULL,'Amoxiciline - carton x10',10,1800,0,NULL,2814.8),(1063,'FA000132',74,NULL,'Chapman planet 1.25l',10,80000,0,NULL,0),(1064,'FA000129',10,NULL,'Amoxiciline - plaquette',1,550,0,NULL,281.48),(1065,'FA000129',24,NULL,'Amoxiciline - carton x10',15,18000,0,NULL,2814.8),(1066,'FA000129',80,NULL,'Activa spirale',18,100,0,NULL,50),(1067,'FA000126',24,NULL,'Amoxiciline - carton x10',1,1800000,0,NULL,2814.8),(1068,'FA000133',71,NULL,'Diluant celulosique - bouteille',5,1200,0,NULL,1016.67),(1069,'FA000133',101,NULL,'Bic orange',1,100,0,NULL,25),(1070,'FA000134',87,NULL,'Adaptateur mural 500v',1,2500,0,NULL,1000),(1071,'FA000134',106,NULL,'Grillage - metre',5,1000,0,NULL,500),(1072,'FA000135',93,NULL,'Blue carte',15,5000,0,NULL,100),(1073,'FA000136',71,NULL,'Diluant celulosique - bouteille',5,1200,0,NULL,1016.67),(1074,'FA000136',87,NULL,'Adaptateur mural 500v',10,2500,0,NULL,1000),(1075,'FA000136',108,NULL,'Luste ecristal',2,85000,0,NULL,50000),(1076,'FA000137',108,NULL,'Luste ecristal',10,85000,0,NULL,61111.1),(1077,'FA000137',71,NULL,'Diluant celulosique - bouteille',15,1200,0,NULL,1006.25),(1080,'FA000138',109,NULL,'Hublot',6,45000,0,NULL,35000),(1081,'FA000138',108,NULL,'Luste ecristal',2,85000,0,NULL,61111.1),(1085,'FA000140',110,1,'Applique cristal - pièce',10,50000,0,NULL,35000),(1086,'FA000141',71,NULL,'Diluant celulosique - bouteille',12,1200,0,NULL,1006.25),(1088,'FA000142',108,NULL,'Luste ecristal',5,85000,0,NULL,61111.1),(1089,'FA000143',80,NULL,'Activa spirale',20,100,0,NULL,50),(1090,'FA000143',111,NULL,'Activa spirale - carton x5',10,400,0,NULL,250),(1091,'FA000143',71,NULL,'Diluant celulosique - bouteille',15,1200,0,NULL,1006.25),(1092,'FA000144',111,NULL,'Activa spirale - carton x5',15,400,0,NULL,250),(1110,'FA000139',108,NULL,'Luste ecristal',5,85000,0,NULL,61111.1),(1111,'FA000139',86,NULL,'Adaptateurs secteur  120v',9,500,0,NULL,250),(1112,'FA000145',111,NULL,'Activa spirale - carton x5',5,400,0,NULL,250),(1113,'FA000146',86,NULL,'Adaptateurs secteur  120v',5,500,0,NULL,250),(1115,'FA000148',86,NULL,'Adaptateurs secteur  120v',1,500,0,NULL,250),(1117,'FA000150',111,NULL,'Activa spirale - carton x5',10.4,400,160,NULL,250),(1118,'FA000149',86,NULL,'Adaptateurs secteur  120v',20,500,0,NULL,250),(1119,'FA000149',115,NULL,'Cable astere',2,10000,0,NULL,7000),(1120,'FA000147',86,NULL,'Adaptateurs secteur  120v',3,550,0,NULL,250),(1122,'FA000151',70,NULL,'Tomate en boite',18,800,0,NULL,452.583),(1123,'FA000152',117,NULL,' Location de vehicule - heure',1,13000,0,NULL,5000),(1124,'FA000152',113,NULL,' Opur',1,150,0,NULL,200),(1125,'FA000153',10,NULL,' Amoxiciline - plaquette',15,550,0,NULL,500),(1126,'FA000154',111,NULL,' Activa spirale - carton x5',1,400,0,NULL,250),(1127,'FA000154',86,NULL,' Adaptateurs secteur  120v',1,500,0,NULL,250),(1128,'FA000154',117,NULL,' Location de vehicule - heure',2,15000,0,NULL,5000),(1129,'FA000155',117,NULL,' Location de vehicule - heure',3,15000,0,NULL,5000),(1130,'FA000156',86,NULL,' Adaptateurs secteur  120v',10,500,0,NULL,250),(1131,'FA000157',117,NULL,' Location de vehicule - heure',3,15000,0,NULL,5000);
/*!40000 ALTER TABLE `ligne_facture` ENABLE KEYS */;
UNLOCK TABLES;

--
-- Table structure for table `livraison`
--

DROP TABLE IF EXISTS `livraison`;
/*!40101 SET @saved_cs_client     = @@character_set_client */;
/*!50503 SET character_set_client = utf8mb4 */;
CREATE TABLE `livraison` (
  `id_livraison` varchar(30) NOT NULL,
  `id_ordre_achat` varchar(30) NOT NULL,
  `date_creation` datetime DEFAULT NULL,
  `date_livraison` date DEFAULT NULL,
  `cout_livraison` float DEFAULT NULL,
  `reference_externe` varchar(150) DEFAULT NULL,
  `adresse_livraison` varchar(150) DEFAULT NULL,
  `statut` varchar(30) DEFAULT NULL,
  `etat` varchar(30) DEFAULT NULL,
  `date_modification` datetime DEFAULT NULL,
  `note` varchar(255) DEFAULT NULL,
  `remise` float DEFAULT NULL,
  `description` varchar(255) DEFAULT NULL,
  `id_utilisateur` int(11) DEFAULT NULL,
  PRIMARY KEY (`id_livraison`),
  KEY `FKLivraison575003` (`id_ordre_achat`),
  KEY `FKLivraisonstreenge4512_idx` (`id_utilisateur`),
  CONSTRAINT `FKLivraison575003` FOREIGN KEY (`id_ordre_achat`) REFERENCES `ordre_achat` (`id_ordre_achat`),
  CONSTRAINT `FKLivraisonstreenge4512` FOREIGN KEY (`id_utilisateur`) REFERENCES `utilisateur` (`id`) ON DELETE NO ACTION ON UPDATE NO ACTION
) ENGINE=InnoDB DEFAULT CHARSET=utf8mb4;
/*!40101 SET character_set_client = @saved_cs_client */;

--
-- Dumping data for table `livraison`
--

LOCK TABLES `livraison` WRITE;
/*!40000 ALTER TABLE `livraison` DISABLE KEYS */;
INSERT INTO `livraison` VALUES ('LV000001','OA000001','2022-10-04 13:38:00',NULL,0,NULL,NULL,'Terminé','actif','2022-10-04 12:38:34','',0,'',NULL),('LV000002','OA000001','2022-09-30 11:29:29',NULL,0,NULL,NULL,'Annulé','actif',NULL,'',0,'',NULL),('LV000003','OA000001','2022-09-30 21:30:00',NULL,0,NULL,NULL,'Annulé','actif','2022-09-30 20:30:46','',0,'',NULL),('LV000004','OA000002','2022-09-30 22:01:00',NULL,0,NULL,NULL,'Terminé','actif','2022-09-30 21:01:37','',0,'',NULL),('LV000005','OA000001','2022-10-01 10:17:50',NULL,0,NULL,NULL,'Annulé','actif',NULL,'',0,'',NULL),('LV000006','OA000001','2022-10-01 10:21:25',NULL,0,NULL,NULL,'Terminé','actif',NULL,'',0,'',NULL),('LV000007','OA000003','2022-10-01 10:45:37',NULL,0,NULL,NULL,'Annulé','actif',NULL,'',0,'',NULL),('LV000008','OA000003','2022-10-01 10:47:44',NULL,0,NULL,NULL,'Terminé','actif',NULL,'',0,'',NULL),('LV000009','OA000004','2022-10-01 10:55:17',NULL,0,NULL,NULL,'Annulé','actif',NULL,'',0,'',NULL),('LV000010','OA000004','2022-10-25 20:08:47',NULL,0,NULL,NULL,'Terminé','actif',NULL,'',0,'',NULL),('LV000011','OA000006','2022-10-25 23:19:00',NULL,0,NULL,NULL,'Annulé','actif','2022-10-25 22:19:27','',0,'',1),('LV000012','OA000007','2022-10-28 22:17:00',NULL,0,NULL,NULL,'Terminé','actif','2022-10-28 21:17:29','',0,'',2),('LV000013','OA000008','2022-11-01 13:18:20',NULL,0,NULL,NULL,'Terminé','actif',NULL,'',0,'',2),('LV000014','OA000009','2022-11-05 11:45:25',NULL,0,NULL,NULL,'Terminé','actif',NULL,'love',0,'',1),('LV000015','OA000010','2022-11-15 11:35:08',NULL,0,NULL,NULL,'Terminé','actif',NULL,'',0,'',1),('LV000016','OA000010','2022-11-15 11:35:48',NULL,0,NULL,NULL,'Terminé','actif',NULL,'',0,'',1);
/*!40000 ALTER TABLE `livraison` ENABLE KEYS */;
UNLOCK TABLES;

--
-- Table structure for table `methode_paiement`
--

DROP TABLE IF EXISTS `methode_paiement`;
/*!40101 SET @saved_cs_client     = @@character_set_client */;
/*!50503 SET character_set_client = utf8mb4 */;
CREATE TABLE `methode_paiement` (
  `id` int(11) NOT NULL AUTO_INCREMENT,
  `nom` varchar(50) DEFAULT NULL,
  `description` varchar(150) DEFAULT NULL,
  PRIMARY KEY (`id`),
  UNIQUE KEY `nom` (`nom`)
) ENGINE=InnoDB AUTO_INCREMENT=7 DEFAULT CHARSET=utf8mb4;
/*!40101 SET character_set_client = @saved_cs_client */;

--
-- Dumping data for table `methode_paiement`
--

LOCK TABLES `methode_paiement` WRITE;
/*!40000 ALTER TABLE `methode_paiement` DISABLE KEYS */;
INSERT INTO `methode_paiement` VALUES (1,'Cash','Paiement en espèces (Liquide)'),(2,'Orange Money','Paiement par telephone en utilisant son telephone'),(3,'MTN Money','utilisation de l\'operateur MTN pour le paiement'),(4,'Virement  bancaire',' virement par banque'),(5,'Chèque','utilisation d\'un cheque de banque'),(6,'Carte de credit','utilisation d\'une de carte de credit ou de debit');
/*!40000 ALTER TABLE `methode_paiement` ENABLE KEYS */;
UNLOCK TABLES;

--
-- Table structure for table `mouvement_stock`
--

DROP TABLE IF EXISTS `mouvement_stock`;
/*!40101 SET @saved_cs_client     = @@character_set_client */;
/*!50503 SET character_set_client = utf8mb4 */;
CREATE TABLE `mouvement_stock` (
  `id_mouvement_stock` varchar(30) NOT NULL,
  `id_utilisateur` int(11) DEFAULT NULL,
  `id_stockage` int(10) NOT NULL,
  `date_creation` datetime DEFAULT NULL,
  `note` varchar(255) DEFAULT NULL,
  `description` varchar(255) DEFAULT NULL,
  `date_modification` datetime DEFAULT NULL,
  `id_stockage_arrive` int(10) DEFAULT NULL,
  `statut` varchar(30) DEFAULT NULL,
  `etat` varchar(30) DEFAULT NULL,
  PRIMARY KEY (`id_mouvement_stock`),
  KEY `FKMouvement_387829` (`id_stockage`),
  KEY `FKMouvement_370420` (`id_utilisateur`),
  KEY `FKMouvement_597902` (`id_stockage_arrive`),
  CONSTRAINT `FKMouvement_370420` FOREIGN KEY (`id_utilisateur`) REFERENCES `utilisateur` (`id`),
  CONSTRAINT `FKMouvement_387829` FOREIGN KEY (`id_stockage`) REFERENCES `stockage` (`id_stockage`),
  CONSTRAINT `FKMouvement_597902` FOREIGN KEY (`id_stockage_arrive`) REFERENCES `stockage` (`id_stockage`)
) ENGINE=InnoDB DEFAULT CHARSET=utf8mb4;
/*!40101 SET character_set_client = @saved_cs_client */;

--
-- Dumping data for table `mouvement_stock`
--

LOCK TABLES `mouvement_stock` WRITE;
/*!40000 ALTER TABLE `mouvement_stock` DISABLE KEYS */;
INSERT INTO `mouvement_stock` VALUES ('ES000001',NULL,1,'2022-10-05 00:09:18','','',NULL,NULL,'Terminé','actif'),('ES000002',NULL,1,'2022-10-05 00:11:59','','',NULL,NULL,'Terminé','actif'),('ES000003',NULL,1,'2022-10-05 00:33:59','','','2022-10-12 19:14:59',NULL,'Terminé','actif'),('ES000004',NULL,2,'2022-10-17 15:41:00','','',NULL,NULL,'Terminé','actif'),('ES000005',NULL,1,'2022-10-17 16:12:30','','','2022-10-28 21:55:07',NULL,'Terminé','actif'),('ES000006',1,1,'2022-10-25 23:51:05','','','2022-10-25 23:52:26',NULL,'Annulé','actif'),('ES000007',2,1,'2022-10-28 19:19:46','','','2022-10-28 20:20:48',NULL,'Annulé','actif'),('ES000008',2,1,'2022-10-28 21:31:02','','',NULL,NULL,'Terminé','actif'),('ES000009',2,1,'2022-10-29 15:24:14','','',NULL,NULL,'Terminé','actif'),('ES000010',1,1,'2022-11-03 10:08:54','','',NULL,NULL,'Terminé','actif'),('ES000011',1,1,'2022-11-07 19:53:24','','',NULL,NULL,'Terminé','actif'),('ES000012',1,1,'2022-11-15 06:40:41','','',NULL,NULL,'Annulé','actif'),('ES000013',1,1,'2022-11-15 07:10:51','','','2022-11-15 08:34:47',NULL,'Terminé','actif'),('ES000014',1,1,'2022-11-15 11:37:00','','',NULL,NULL,'Terminé','actif'),('ES000015',1,1,'2022-11-18 14:04:51','','',NULL,NULL,'Terminé','actif'),('MS000001',NULL,1,'2022-10-12 15:18:23','','',NULL,2,'Terminé','actif'),('MS000002',NULL,1,'2022-10-12 15:20:31','','','2022-10-12 21:40:44',2,'Annulé','actif'),('MS000003',NULL,1,'2022-10-14 15:50:00','','',NULL,2,'Terminé','actif'),('MS000004',1,1,'2022-10-25 23:56:36','','',NULL,2,'Terminé','actif'),('MS000005',1,1,'2022-11-24 19:37:48','','',NULL,2,'Annulé','actif'),('SS000001',NULL,1,'2022-10-05 01:52:06','salut','cool','2022-10-05 02:23:43',NULL,'Terminé','actif'),('SS000002',1,2,'2022-10-25 23:54:23','','',NULL,NULL,'Terminé','actif');
/*!40000 ALTER TABLE `mouvement_stock` ENABLE KEYS */;
UNLOCK TABLES;

--
-- Table structure for table `ordre_achat`
--

DROP TABLE IF EXISTS `ordre_achat`;
/*!40101 SET @saved_cs_client     = @@character_set_client */;
/*!50503 SET character_set_client = utf8mb4 */;
CREATE TABLE `ordre_achat` (
  `id_ordre_achat` varchar(30) NOT NULL,
  `id_utilisateur` int(11) DEFAULT NULL,
  `id_fournisseur` varchar(30) DEFAULT NULL,
  `date_creation` datetime DEFAULT NULL,
  `date_livriason` date DEFAULT NULL,
  `adresse_livraison` varchar(150) DEFAULT NULL,
  `statut` varchar(30) DEFAULT NULL,
  `etat` varchar(30) DEFAULT NULL,
  `date_modification` datetime DEFAULT NULL,
  `cout_livraison` float DEFAULT '0',
  `note` varchar(255) DEFAULT NULL,
  `condition_vente` varchar(255) DEFAULT NULL,
  `description` varchar(255) DEFAULT NULL,
  `remise` float DEFAULT NULL,
  `id_stockage` int(10) NOT NULL,
  PRIMARY KEY (`id_ordre_achat`),
  KEY `FKOrdre_Acha288606` (`id_utilisateur`),
  KEY `FKOrdre_Acha575239` (`id_fournisseur`),
  KEY `FKOrdre_Acha924734` (`id_stockage`),
  CONSTRAINT `FKOrdre_Acha288606` FOREIGN KEY (`id_utilisateur`) REFERENCES `utilisateur` (`id`),
  CONSTRAINT `FKOrdre_Acha575239` FOREIGN KEY (`id_fournisseur`) REFERENCES `fournisseur` (`id_fournisseur`),
  CONSTRAINT `FKOrdre_Acha924734` FOREIGN KEY (`id_stockage`) REFERENCES `stockage` (`id_stockage`)
) ENGINE=InnoDB DEFAULT CHARSET=utf8mb4;
/*!40101 SET character_set_client = @saved_cs_client */;

--
-- Dumping data for table `ordre_achat`
--

LOCK TABLES `ordre_achat` WRITE;
/*!40000 ALTER TABLE `ordre_achat` DISABLE KEYS */;
INSERT INTO `ordre_achat` VALUES ('OA000001',NULL,'FN0002','2022-09-30 12:28:00',NULL,NULL,'Partiellement livré','actif','2022-10-05 20:32:31',0,'',NULL,'',0,1),('OA000002',NULL,NULL,'2022-09-30 21:59:00',NULL,NULL,'Partiellement livré','actif','2022-09-30 20:59:47',0,'',NULL,'',0,1),('OA000003',NULL,NULL,'2022-10-01 11:47:00',NULL,NULL,'Partiellement livré','actif','2022-10-01 10:47:31',0,'',NULL,'',0,1),('OA000004',NULL,'FN0002','2022-10-01 11:53:00',NULL,NULL,'Livré','actif','2022-10-25 21:19:28',0,'',NULL,'',0,1),('OA000005',NULL,NULL,'2022-10-25 21:22:05',NULL,NULL,'Annulé','actif',NULL,0,'',NULL,'',0,1),('OA000006',1,'FN0009','2022-10-25 21:31:44',NULL,NULL,'Annulé','actif','2022-10-25 21:43:12',0,'',NULL,'',0,1),('OA000007',2,NULL,'2022-10-28 19:40:50',NULL,NULL,'Livré','actif','2022-10-28 19:55:53',0,'',NULL,'',0,1),('OA000008',2,NULL,'2022-11-01 13:17:32',NULL,NULL,'Partiellement livré','actif',NULL,0,'',NULL,'',0,1),('OA000009',1,NULL,'2022-11-04 09:59:16',NULL,NULL,'Livré','actif','2022-11-05 10:37:40',0,'love',NULL,'',0,1),('OA000010',1,'FN0001','2022-11-15 11:32:21',NULL,NULL,'Partiellement livré','actif',NULL,0,'',NULL,'',0,1);
/*!40000 ALTER TABLE `ordre_achat` ENABLE KEYS */;
UNLOCK TABLES;

--
-- Table structure for table `pack`
--

DROP TABLE IF EXISTS `pack`;
/*!40101 SET @saved_cs_client     = @@character_set_client */;
/*!50503 SET character_set_client = utf8mb4 */;
CREATE TABLE `pack` (
  `id` int(11) NOT NULL AUTO_INCREMENT,
  `id_produit` varchar(30) NOT NULL,
  `nom` varchar(30) NOT NULL,
  `nombre_unite` float DEFAULT NULL,
  `statut` varchar(30) DEFAULT NULL,
  `etat` varchar(30) DEFAULT 'actif',
  `prix_achat` float DEFAULT NULL,
  `prix_vente` float DEFAULT NULL,
  `prix_vente_min` float DEFAULT '0',
  `type` varchar(45) DEFAULT NULL,
  PRIMARY KEY (`id`),
  KEY `possede` (`id_produit`),
  CONSTRAINT `possede` FOREIGN KEY (`id_produit`) REFERENCES `produit` (`id_produit`)
) ENGINE=InnoDB AUTO_INCREMENT=118 DEFAULT CHARSET=utf8mb4;
/*!40101 SET character_set_client = @saved_cs_client */;

--
-- Dumping data for table `pack`
--

LOCK TABLES `pack` WRITE;
/*!40000 ALTER TABLE `pack` DISABLE KEYS */;
INSERT INTO `pack` VALUES (2,'PR0001','pièce',1,'unitaire','actif',500,800,0,NULL),(3,'PR0002','Bouteille',1,'unitaire','actif',550,850,0,NULL),(4,'PR0003','',1,'unitaire','actif',1000,1300,0,NULL),(5,'PR0004','Tube',1,'unitaire','actif',450,700,0,NULL),(6,'PR0005','bouteille',1,'unitaire','actif',400,525,0,NULL),(7,'PR0006','pièce',1,'unitaire','actif',1000,2000,0,NULL),(8,'PR0007','',1,'unitaire','actif',0,0,0,NULL),(9,'PR0008','ml',1,'unitaire','actif',500,1500,0,NULL),(10,'PR0009','plaquette',1,'unitaire','actif',396,550,0,NULL),(11,'PR0010','',1,'unitaire','actif',150000,200000,0,NULL),(12,'PR0011','',1,'unitaire','actif',13000,30000,0,NULL),(13,'PR0012','',1,'unitaire','actif',700,1500,0,NULL),(14,'PR0013','',1,'unitaire','actif',0,850,0,NULL),(15,'PR0014','',1,'unitaire','actif',1400,1650,0,NULL),(16,'PR0015','',1,'unitaire','actif',800,1000,0,NULL),(17,'PR0016','',1,'unitaire','actif',0,0,0,NULL),(18,'PR0017','',1,'unitaire','actif',0,500,0,NULL),(19,'PR0018','',1,'unitaire','actif',160,300,0,NULL),(20,'PR0019','',1,'unitaire','actif',1500,2000,0,NULL),(21,'PR0020','',1,'unitaire','actif',0,0,0,NULL),(22,'PR0021','',1,'unitaire','actif',0,0,0,NULL),(23,'PR0022','',1,'unitaire','actif',0,0,0,NULL),(24,'PR0009','carton x10',10,NULL,'actif',1000,1800,0,NULL),(25,'PR0017','carton x10',10,NULL,'supprimer',0,0,0,NULL),(26,'PR0017','carton x10x10',100,NULL,'supprimer',1000,18000,0,NULL),(27,'PR0017','Plaquette',10,NULL,'actif',350,500,0,NULL),(28,'PR0017','carton x36',14,NULL,'supprimer',2000,2800,0,NULL),(29,'PR0017','carton x20',20,NULL,'supprimer',8000,10000,0,NULL),(30,'PR0003','carton x6',6,NULL,'actif',5000,6500,0,NULL),(31,'PR0017','carton x10',10,NULL,'supprimer',0,0,0,NULL),(32,'PR0017','carton x10',10,NULL,'supprimer',0,0,0,NULL),(33,'PR0014','carton x15',15,NULL,'actif',20000,22500,0,NULL),(34,'PR0023','',1,'unitaire','actif',100,500,0,NULL),(35,'PR0023','carton x12',12,NULL,'actif',1000,2000,0,NULL),(36,'PR0024','',1,'unitaire','actif',0,60000,0,NULL),(37,'PR0025','',1,'unitaire','actif',18,50,0,NULL),(38,'PR0025','paquet x20',20,NULL,'actif',600,800,0,NULL),(39,'PR0026','',1,'unitaire','actif',0,0,0,NULL),(40,'PR0027','',1,'unitaire','actif',2500,2998,0,NULL),(41,'PR0028','',1,'unitaire','actif',1200,1500,0,NULL),(42,'PR0028','carton x10',10,NULL,'actif',12000,13500,0,NULL),(43,'PR0001','carton x10',10,NULL,'supprimer',5000,7500,0,NULL),(44,'PR0001','carton x15',15,NULL,'supprimer',7000,11000,0,NULL),(45,'PR0001','carton x15',15,NULL,'supprimer',4566,800,0,NULL),(46,'PR0001','carton x10',10,NULL,'actif',5000,7500,0,NULL),(47,'PR0002','Palette',6,'principal','actif',3400,4000,0,NULL),(48,'PR0005','palette',6,NULL,'actif',2450,3000,0,NULL),(49,'PR0029','ML',1,'unitaire','actif',600,750,0,NULL),(50,'PR0029','Rouleau',100,NULL,'actif',60000,75000,0,NULL),(51,'PR0030','',1,'unitaire','actif',1000,3500,0,NULL),(52,'PR0031','',1,'unitaire','actif',500,1000,0,NULL),(53,'PR0032','',1,'unitaire','actif',500,600,0,NULL),(54,'PR0033','',1,'unitaire','actif',0,0,0,NULL),(55,'PR0034','',1,'unitaire','actif',0,0,0,NULL),(56,'PR0035','',1,'unitaire','actif',0,0,0,NULL),(57,'PR0036','',1,'unitaire','actif',2500,3000,0,NULL),(58,'PR0037','',1,'unitaire','actif',30,50,0,NULL),(59,'PR0037','carton x100',100,NULL,'actif',800,1000,0,NULL),(60,'PR0038','',1,'unitaire','actif',800,1000,0,NULL),(61,'PR0038','carton x10',10,NULL,'actif',8000,10000,0,NULL),(62,'PR0039','',1,'unitaire','actif',1491,5000,0,NULL),(63,'PR0040','',1,'unitaire','actif',5000,10000,0,NULL),(64,'PR0040','carton x10',10,NULL,'actif',50000,80000,0,NULL),(65,'PR0041','',1,'unitaire','actif',5000,8000,0,NULL),(66,'PR0042','piece',1,'unitaire','actif',149994,200000,0,NULL),(67,'PR0042','carton x10',10,NULL,'actif',150000,1800000,0,NULL),(68,'PR0043','',1,'unitaire','actif',350,500,0,NULL),(69,'PR0044','',1,'unitaire','actif',200,350,0,NULL),(70,'PR0045','',1,'unitaire','actif',500,900,0,NULL),(71,'PR0046','bouteille',1,'unitaire','actif',1000,1200,0,NULL),(72,'PR0047','Metre',1,'unitaire','actif',4700,5000,0,NULL),(73,'PR0047','carton',1.5,NULL,'actif',5000,7500,6000,NULL),(74,'PR0048','',1,'unitaire','actif',0,0,0,NULL),(75,'PR0049','',1,'unitaire','actif',0,0,0,NULL),(76,'PR0050','',1,'unitaire','actif',50,200,0,NULL),(77,'PR0051','',1,'unitaire','actif',4500,10000,0,NULL),(78,'PR0052','',1,'unitaire','actif',400,800,0,NULL),(79,'PR0053','',1,'unitaire','actif',150000,199998,0,NULL),(80,'PR0054','',1,'unitaire','actif',50,100,0,NULL),(81,'PR0055','',1,'unitaire','actif',100000,180000,0,NULL),(82,'PR0056','',1,'unitaire','actif',80000,180000,0,NULL),(83,'PR0057','',1,'unitaire','actif',500,800,0,NULL),(84,'PR0058','',1,'unitaire','actif',2000,5000,0,NULL),(85,'PR0059','',1,'unitaire','actif',500,1000,0,NULL),(86,'PR0060','',1,'unitaire','actif',250,500,0,NULL),(87,'PR0061','',1,'unitaire','actif',354,2500,0,NULL),(88,'PR0062','',1,'unitaire','actif',300,500,0,NULL),(89,'PR0063','',1,'unitaire','actif',2500,3000,0,NULL),(90,'PR0064','',1,'unitaire','actif',0,0,0,NULL),(91,'PR0065','',1,'unitaire','actif',300,500,0,NULL),(92,'PR0066','',1,'unitaire','actif',100000,200000,0,NULL),(93,'PR0067','',1,'unitaire','actif',100,5000,0,NULL),(94,'PR0068','',1,'unitaire','actif',10000,500000,0,NULL),(95,'PR0069','',1,'unitaire','actif',1000,2000,0,NULL),(96,'PR0070','',1,'unitaire','actif',500,10000,0,NULL),(97,'PR0071','',1,'unitaire','actif',25,100,0,NULL),(98,'PR0072','',1,'unitaire','actif',25,150,0,NULL),(99,'PR0073','',1,'unitaire','actif',10,25,0,NULL),(100,'PR0074','',1,'unitaire','actif',25,100,0,NULL),(101,'PR0075','',1,'unitaire','actif',25,100,0,NULL),(102,'PR0076','',1,'unitaire','actif',1500,2000,0,NULL),(103,'PR0077','',1,'unitaire','actif',2500,5000,0,NULL),(104,'PR0078','',1,'unitaire','actif',7500,10000,0,NULL),(105,'PR0079','',1,'unitaire','actif',2500,5000,0,NULL),(106,'PR0080','Metre',1,'unitaire','actif',500,1000,0,NULL),(107,'PR0046','carton x10',10,NULL,'actif',7500,10000,0,NULL),(108,'PR0081','',1,'unitaire','actif',50000,85000,60000,NULL),(109,'PR0082','',1,'unitaire','actif',35000,45000,0,NULL),(110,'PR0083','pièce',1,'unitaire','actif',35000,50000,0,NULL),(111,'PR0054','carton x5',5,NULL,'actif',200,400,0,NULL),(112,'PR0084','',1,'unitaire','actif',2000,2500,0,NULL),(113,'PR0085','',1,'unitaire','actif',200,300,250,NULL),(114,'PR0086','',1,'unitaire','actif',0,5000,5000,NULL),(115,'PR0087','',1,'unitaire','actif',7000,10000,8500,NULL),(116,'PR0088','',1,'unitaire','actif',0,0,0,NULL),(117,'PR0089','Heure',1,'unitaire','actif',0,15000,13000,'service');
/*!40000 ALTER TABLE `pack` ENABLE KEYS */;
UNLOCK TABLES;

--
-- Table structure for table `paiement`
--

DROP TABLE IF EXISTS `paiement`;
/*!40101 SET @saved_cs_client     = @@character_set_client */;
/*!50503 SET character_set_client = utf8mb4 */;
CREATE TABLE `paiement` (
  `id` int(11) NOT NULL AUTO_INCREMENT,
  `id_methode_paiement` int(11) DEFAULT NULL,
  `id_facture` varchar(30) NOT NULL,
  `montant` float DEFAULT NULL,
  `date_paiement` date DEFAULT NULL,
  `description` varchar(200) DEFAULT NULL,
  PRIMARY KEY (`id`),
  KEY `FKpaiement913348` (`id_methode_paiement`),
  KEY `FKpaiement159343` (`id_facture`),
  CONSTRAINT `FKpaiement159343` FOREIGN KEY (`id_facture`) REFERENCES `facture` (`id_facture`),
  CONSTRAINT `FKpaiement913348` FOREIGN KEY (`id_methode_paiement`) REFERENCES `methode_paiement` (`id`)
) ENGINE=InnoDB AUTO_INCREMENT=153 DEFAULT CHARSET=utf8mb4;
/*!40101 SET character_set_client = @saved_cs_client */;

--
-- Dumping data for table `paiement`
--

LOCK TABLES `paiement` WRITE;
/*!40000 ALTER TABLE `paiement` DISABLE KEYS */;
INSERT INTO `paiement` VALUES (20,NULL,'FA000014',10000,'2022-09-03',''),(21,2,'FA000014',800,'2022-09-03',''),(22,NULL,'FA000014',1500,'2022-09-03',''),(23,3,'FA000015',20000,'2022-09-04',''),(24,1,'FA000014',500,'2022-09-04',''),(25,NULL,'FA000016',5500,'2022-09-04',''),(26,NULL,'FA000016',13950,'2022-09-04',''),(30,1,'FA000012',10000,'2022-09-03',''),(33,3,'FA000018',3000,'2022-09-04',''),(37,1,'FA000019',10000,'2022-09-05',''),(38,NULL,'FA000019',50800,'2022-09-05',''),(39,NULL,'FA000014',1000,'2022-09-05',''),(40,NULL,'FA000020',10000,'2022-09-05',''),(41,2,'FA000022',5000,'2022-09-06','Sur le numero de la secretaire numero: d\'envoie 651284896'),(42,NULL,'FA000022',4000,'2022-09-06',''),(43,NULL,'FA000022',500,'2022-09-06',''),(46,3,'FA000024',14000,'2022-09-06',''),(47,NULL,'FA000024',600,'2022-09-06',''),(48,1,'FA000026',3400,'2022-09-06',''),(49,NULL,'FA000027',250,'2022-09-06',''),(50,1,'FA000015',1500,'2022-09-07',''),(51,2,'FA000015',1300,'2022-09-07',''),(58,NULL,'FA000011',4050,'2022-09-09',''),(64,1,'FA000033',1350,'2022-09-15',''),(65,2,'FA000017',5500,'2022-09-15',''),(66,NULL,'FA000035',5302.38,'2022-09-15',''),(67,2,'FA000036',1300,'2022-09-15',''),(68,NULL,'FA000030',6300,'2022-09-15',''),(69,NULL,'FA000032',3419.25,'2022-09-15',''),(70,NULL,'FA000041',5400,'2022-09-15',''),(71,3,'FA000042',2500000,'2022-09-15',''),(72,2,'FA000043',500,'2022-09-16',''),(73,3,'FA000046',6500,'2022-09-16',''),(74,2,'FA000046',10000,'2022-09-18',''),(75,NULL,'FA000049',3600,'2022-09-18',''),(76,NULL,'FA000050',7500,'2022-09-18',''),(77,NULL,'FA000062',35000,'2022-09-20',''),(78,3,'FA000060',1900,'2022-09-23',''),(79,NULL,'FA000066',9500,'2022-09-26',''),(80,NULL,'FA000075',100,'2022-09-29',''),(81,2,'FA000065',150,'2022-09-29','bien'),(82,1,'FA000065',5000,'2022-09-30',''),(84,NULL,'FA000077',7226.25,'2022-09-30',''),(85,NULL,'FA000077',90000,'2022-09-30',''),(86,3,'FA000078',40000,'2022-09-30',''),(87,1,'FA000078',40970,'2022-09-30',''),(88,3,'FA000052',7200,'2022-09-30',''),(89,NULL,'FA000081',5500,'2022-10-03',''),(90,1,'FA000082',2400,'2022-10-07',''),(91,2,'FA000082',5000,'2022-10-07',''),(92,NULL,'FA000085',16500,'2022-10-13',''),(93,3,'FA000088',15000,'2022-10-13',''),(94,NULL,'FA000088',15000,'2022-10-13',''),(95,1,'FA000043',1500,'2022-10-13',''),(96,3,'FA000091',2500,'2022-10-13',''),(97,NULL,'FA000091',2000,'2022-10-13',''),(98,NULL,'FA000092',655.875,'2022-10-14',''),(99,3,'FA000093',10000,'2022-10-14',''),(100,NULL,'FA000093',10500,'2022-10-14',''),(101,3,'FA000096',25000,'2022-10-17',''),(102,NULL,'FA000096',10000,'2022-10-17',''),(103,3,'FA000097',10000,'2022-10-17',''),(104,NULL,'FA000097',15400,'2022-10-17',''),(105,3,'FA000098',50000,'2022-10-17',''),(106,NULL,'FA000098',25000,'2022-10-17',''),(107,3,'FA000101',500000,'2022-10-19',''),(108,NULL,'FA000101',500000,'2022-10-19',''),(109,NULL,'FA000107',316.5,'2022-10-29',''),(110,NULL,'FA000109',5000,'2022-10-30',''),(111,NULL,'FA000108',1500,'2022-11-01',''),(112,3,'FA000111',5000,'2022-11-01',''),(113,NULL,'FA000112',2400,'2022-11-01',''),(114,NULL,'FA000111',7150,'2022-11-01',''),(115,3,'FA000114',5000,'2022-11-02',''),(116,NULL,'FA000114',8000,'2022-11-02',''),(117,NULL,'FA000113',752500,'2022-11-02',''),(118,NULL,'FA000115',12000,'2022-11-02',''),(119,NULL,'FA000118',74000,'2022-11-03',''),(120,NULL,'FA000119',6798,'2022-11-03',''),(121,NULL,'FA000120',17350,'2022-11-03',''),(122,NULL,'FA000121',2151750,'2022-11-04',''),(123,NULL,'FA000122',5996,'2022-11-04',''),(124,NULL,'FA000123',700,'2022-11-04',''),(126,NULL,'FA000125',3750,'2022-11-05',''),(127,NULL,'FA000124',800,'2022-11-05',''),(128,NULL,'FA000124',1000,'2022-11-05',''),(129,NULL,'FA000131',18000,'2022-11-09',''),(130,NULL,'FA000132',800000,'2022-11-09',''),(131,NULL,'FA000133',2500,'2022-11-09',''),(132,NULL,'FA000133',4600,'2022-11-09',''),(133,NULL,'FA000136',100000,'2022-11-15',''),(134,3,'FA000136',101000,'2022-11-15',''),(135,NULL,'FA000137',200000,'2022-11-15',''),(136,NULL,'FA000138',100000,'2022-11-15',''),(137,NULL,'FA000138',295000,'2022-11-15',''),(138,NULL,'FA000138',45000,'2022-11-15',''),(139,NULL,'FA000139',100000,'2022-11-15',''),(140,3,'FA000140',100000,'2022-11-15',''),(141,NULL,'FA000140',496250,'2022-11-15',''),(142,NULL,'FA000141',14400,'2022-11-15',''),(143,NULL,'FA000142',100000,'2022-11-15',''),(144,NULL,'FA000142',100000,'2022-11-15',''),(145,NULL,'FA000142',225000,'2022-11-15',''),(146,3,'FA000143',12500,'2022-11-17',''),(147,NULL,'FA000143',13000,'2022-11-17',''),(148,NULL,'FA000149',10000,'2022-11-22',''),(149,NULL,'FA000151',14400,'2022-11-24',''),(150,NULL,'FA000154',30900,'2022-11-25',''),(151,NULL,'FA000155',45000,'2022-11-25',''),(152,NULL,'FA000157',40000,'2022-11-25','');
/*!40000 ALTER TABLE `paiement` ENABLE KEYS */;
UNLOCK TABLES;

--
-- Table structure for table `produit`
--

DROP TABLE IF EXISTS `produit`;
/*!40101 SET @saved_cs_client     = @@character_set_client */;
/*!50503 SET character_set_client = utf8mb4 */;
CREATE TABLE `produit` (
  `id_produit` varchar(30) NOT NULL,
  `id_categorie` varchar(30) DEFAULT NULL,
  `nom` varchar(50) NOT NULL,
  `sku` varchar(50) DEFAULT NULL,
  `nom_unite` varchar(30) DEFAULT NULL,
  `code_barre` varchar(100) DEFAULT NULL,
  `description` varchar(255) DEFAULT NULL,
  `etat` varchar(30) DEFAULT 'actif',
  `cout_UMP` float DEFAULT NULL,
  `date_ajout` date DEFAULT NULL,
  `point_commande` int(11) DEFAULT NULL,
  `suivre_stock` bit(1) DEFAULT b'1',
  `prix_vente` float DEFAULT NULL,
  `prix_achat` float DEFAULT NULL,
  `prix_vente_min` float DEFAULT '0',
  `type` varchar(45) DEFAULT NULL,
  `cout_initial` float DEFAULT '-1',
  `stock_initial` float DEFAULT '-1',
  PRIMARY KEY (`id_produit`),
  UNIQUE KEY `sku` (`sku`),
  UNIQUE KEY `code_barre` (`code_barre`),
  KEY `FKProduit536012` (`id_categorie`),
  CONSTRAINT `FKProduit536012` FOREIGN KEY (`id_categorie`) REFERENCES `categorie` (`id_categorie`)
) ENGINE=InnoDB DEFAULT CHARSET=utf8mb4;
/*!40101 SET character_set_client = @saved_cs_client */;

--
-- Dumping data for table `produit`
--

LOCK TABLES `produit` WRITE;
/*!40000 ALTER TABLE `produit` DISABLE KEYS */;
INSERT INTO `produit` VALUES ('PR0001','CAT0001','Ampoule','AMPOULE','pièce',NULL,'pour chambre','actif',250,'2022-08-07',50,_binary '',800,500,0,NULL,250,2610),('PR0002',NULL,'Top djino 1L','DJ1L','Bouteille','85314800329','Jus de 1L marque BRASSERIE, très bon jus...!','actif',400,'2022-08-09',100,_binary '',850,550,0,NULL,400,800),('PR0003','CAT0001','BROLIE',NULL,'',NULL,'','actif',490.196,'2022-08-10',0,_binary '',1300,1000,0,NULL,0,195),('PR0004','CAT0001','COLGATE HERBAL 7G','COL_H_7','Tube',NULL,'Pour brosser les dents','actif',200,'2022-08-10',25,_binary '',700,450,0,NULL,200,91),('PR0005','CAT0001','TOP PAMPLEMOUS','TOP_PAM','bouteille','6174000001566','Jus brasserie','actif',427.273,'2022-08-10',12,_binary '',525,400,0,NULL,400,60),('PR0006','CAT0001','PINCE UNIVERSELLE','PEU','pièce',NULL,'','actif',583.333,'2022-08-12',2,_binary '',2000,1000,0,NULL,1000,35),('PR0007','CAT0001','LAIT PEACK',NULL,'',NULL,'','actif',0,'2022-08-23',0,_binary '',0,0,0,NULL,0,0),('PR0008','CAT0001','CORDE TORCADE ROUGE',NULL,'ml',NULL,'','actif',501,'2022-08-24',15,_binary '',1500,500,0,NULL,501,65),('PR0009','CAT000003','AMOXICILINE','AMOX','plaquette',NULL,'','actif',500,'2022-08-28',0,_binary '',550,396,0,NULL,500,1699),('PR0010','CAT0001','IPHONE 7+',NULL,'',NULL,'','actif',150000,'2022-08-30',0,_binary '',200000,150000,0,NULL,150000,32),('PR0011','CAT0001','MOULINEX ROBOT',NULL,'',NULL,'','supprimer',15000,'2022-08-30',0,_binary '',30000,13000,0,NULL,15000,30),('PR0012','CAT0001','BALLAIS A MAIN',NULL,'',NULL,'','actif',262.5,'2022-08-30',0,_binary '',1500,700,0,NULL,0,90),('PR0013','CAT0001','POISSON FUMEE',NULL,'',NULL,'','supprimer',0,'2022-08-30',5,_binary '',850,0,0,NULL,0,600),('PR0014','CAT0001','HUILE MAYOR',NULL,'',NULL,'','actif',1400,'2022-08-30',0,_binary '',1650,1400,0,NULL,1400,1000),('PR0015','CAT0001','DOLIPRANE 1000 MG',NULL,'',NULL,'','actif',799,'2022-08-30',0,_binary '',1000,800,0,NULL,799,6),('PR0016','CAT0001','CRISTAUX DE MENTHE',NULL,'',NULL,'','actif',0,'2022-08-30',0,_binary '',0,0,0,NULL,0,1),('PR0017','CAT0001','AMPICILINE',NULL,'',NULL,'','actif',0,'2022-08-31',0,_binary '',500,0,0,NULL,0,332),('PR0018','CAT0001','COUCHE MORFLIX T4',NULL,'',NULL,'','actif',160,'2022-08-31',0,_binary '',300,160,0,NULL,0,6),('PR0019','CAT0001','GLASS',NULL,'',NULL,'','actif',1500,'2022-08-31',0,_binary '',2000,1500,0,NULL,1500,50),('PR0020','CAT0001','SAVON MAYOR',NULL,'',NULL,'','actif',0,'2022-08-31',0,_binary '',0,0,0,NULL,0,0),('PR0021','CAT0001','SAVON AZURE',NULL,'',NULL,'','actif',0,'2022-08-31',0,_binary '',0,0,0,NULL,0,0),('PR0022','CAT0001','IPHONE 10 SE',NULL,'',NULL,'<span style={{color:\"green\",fontSize:\"50px\"}}>terrible</span>','actif',0,'2022-09-09',0,_binary '',0,0,0,NULL,0,0),('PR0023','CAT0001','PUCE MTN',NULL,'',NULL,'','supprimer',125,'2022-09-11',0,_binary '',500,100,0,NULL,125,336),('PR0024','CAT0001','TECNO PHANTOM','IMEI:860 2G-32G-GRAY','',NULL,'','actif',150000,'2022-09-15',0,_binary '',60000,0,0,NULL,150000,4),('PR0025','CAT0001','BONBON CHOCO','BOCH','',NULL,'','actif',18,'2022-09-18',12,_binary '',50,18,0,NULL,18,32),('PR0026','CAT0001','MAYONAISE CLAVÉ',NULL,'',NULL,'','actif',0,'2022-09-22',0,_binary '',0,0,0,NULL,0,0),('PR0027','CAT0001','BEURE JADIDA 450G','BEURJDA','','6194000802406','','actif',2500,'2022-09-22',0,_binary '',2998,2500,0,NULL,2500,64),('PR0028','CAT0001','MAYONAISE ARMANTINE 500G','MAYARMAND','','6522145581','Trés bonne mayonaise, de bon qualité avec un goût extra-fun','actif',1150,'2022-09-22',0,_binary '',1500,1200,0,NULL,1150,87),('PR0029','CAT0001','CABLE U1000 3G1,5MM','3G1,5','ML',NULL,'','actif',597.693,'2022-09-30',0,_binary '',750,600,0,NULL,600,325),('PR0030','CAT0001','MIROIR','MIR110','',NULL,'','actif',931.034,'2022-10-01',0,_binary '',3500,1000,0,NULL,1000,54),('PR0031','CAT0001','DEVATHERM 80/480','DEV80/480','',NULL,'produit pour le paludisme','actif',500,'2022-10-06',0,_binary '',1000,500,0,NULL,500,100),('PR0032','CAT0001','COCA-COLA',NULL,'','650110000556 XXX-XX','Trés bon goût','supprimer',500,'2022-10-06',0,_binary '',600,500,0,NULL,500,50),('PR0033','CAT0001','Amoxe',NULL,'',NULL,'','actif',0,'2022-10-08',0,_binary '',0,0,0,NULL,0,10),('PR0034','CAT0001','Amose',NULL,'',NULL,'','supprimer',0,'2022-10-08',0,_binary '',0,0,0,NULL,0,0),('PR0035','CAT0001','Amose',NULL,'',NULL,'','supprimer',0,'2022-10-08',0,_binary '',0,0,0,NULL,0,0),('PR0036','CAT0001','Ralonge',NULL,'',NULL,'','actif',2200,'2022-10-13',0,_binary '',3000,2500,0,NULL,2200,145),('PR0037','CAT0001','Saba detergeant',NULL,'',NULL,'','actif',26,'2022-10-13',0,_binary '',50,30,0,NULL,26,460),('PR0038','CAT0001','Couche softcare',NULL,'',NULL,'','actif',0,'2022-10-17',0,_binary '',1000,800,0,NULL,0,75),('PR0039','CAT0001','Timberlin','T45-MARON','',NULL,'','actif',1495.61,'2022-10-17',0,_binary '',5000,1491,0,NULL,1500,105),('PR0040','CAT0001','Sebago-maron','T45-GEOGRA','',NULL,'','actif',4532.71,'2022-10-17',0,_binary '',10000,5000,0,NULL,5000,114),('PR0041','CAT0001','Table','TB_ROUGE_2_3','',NULL,'','actif',5000,'2022-10-18',0,_binary '',8000,5000,0,NULL,5000,100),('PR0042','CAT0001','Laptop hp','I5_4G_500_MARRON','piece',NULL,'','actif',150000,'2022-10-19',0,_binary '',200000,149994,0,NULL,150000,40),('PR0043','CAT0001','Spirale anti-moustique',NULL,'',NULL,'','actif',350,'2022-10-23',0,_binary '',500,350,0,NULL,350,70),('PR0044','CAT0001','Carnet de note','CNT','',NULL,'','actif',0,'2022-10-28',0,_binary '',350,200,0,NULL,0,15),('PR0045','CAT0001','Tomate en boite','TMB','',NULL,'','actif',452.583,'2022-10-28',0,_binary '',900,500,0,NULL,500,10),('PR0046','CAT0001','Diluant celulosique',NULL,'bouteille',NULL,'','actif',1006.25,'2022-11-01',0,_binary '',1200,1000,0,NULL,1000,50),('PR0047','CAT0001','Fillance 20-30','P381','Metre',NULL,'','actif',4700,'2022-11-02',0,_binary '',5000,4700,0,NULL,4700,1000),('PR0048','CAT0001','Chapman planet 1.25L',NULL,'',NULL,'','actif',0,'2022-11-07',0,_binary '',0,0,0,NULL,0,0),('PR0049','CAT0001','Stylo bic rouge',NULL,'',NULL,'','actif',0,'2022-11-08',0,_binary '',0,0,0,NULL,0,0),('PR0050','CAT0001','Tomate ognion',NULL,'',NULL,'','supprimer',50,'2022-11-08',0,_binary '',200,50,0,NULL,50,800),('PR0051','CAT0001','Modem wifi',NULL,'',NULL,'','actif',5000,'2022-11-08',0,_binary '',10000,4500,0,NULL,5000,26),('PR0052','CAT0001','Carnet de note',NULL,'',NULL,'','supprimer',500,'2022-11-08',0,_binary '',800,400,0,NULL,500,50),('PR0053','CAT0001','Ecran led 18 pouce',NULL,'',NULL,'','actif',150000,'2022-11-08',0,_binary '',199998,150000,0,NULL,150000,0),('PR0054','CAT0001','Activa spirale',NULL,'',NULL,'','actif',50,'2022-11-08',0,_binary '',100,50,0,NULL,50,1000),('PR0055','CAT0001','Laptop HP',NULL,'',NULL,'','actif',100000,'2022-11-08',0,_binary '',180000,100000,0,NULL,100000,14),('PR0056','CAT0001','Laptop Lenovo',NULL,'',NULL,'','actif',80000,'2022-11-08',0,_binary '',180000,80000,0,NULL,80000,29),('PR0057','CAT0001','Badje transparant',NULL,'',NULL,'','actif',500,'2022-11-08',0,_binary '',800,500,0,NULL,500,25),('PR0058','CAT0001','Tenis de cours vert T45',NULL,'',NULL,'','actif',2000,'2022-11-08',0,_binary '',5000,2000,0,NULL,2000,50),('PR0059','CAT0001','Reglette',NULL,'',NULL,'','actif',500,'2022-11-08',0,_binary '',1000,500,0,NULL,500,60),('PR0060','CAT0001','Adaptateurs secteur  120V',NULL,'',NULL,'','actif',250,'2022-11-08',0,_binary '',500,250,0,NULL,250,60),('PR0061','CAT0001','Adaptateur mural 500v',NULL,'',NULL,'','actif',1000,'2022-11-08',0,_binary '',2500,354,0,NULL,1000,40),('PR0062','CAT0001','Prise mural',NULL,'',NULL,'','actif',300,'2022-11-08',0,_binary '',500,300,0,NULL,300,49),('PR0063','CAT0001','Ralogne 2M azus',NULL,'',NULL,'','actif',1500,'2022-11-08',0,_binary '',3000,2500,0,NULL,1500,100),('PR0064','CAT0001','Jean blanck',NULL,'',NULL,'','actif',0,'2022-11-08',0,_binary '',0,0,0,NULL,0,0),('PR0065','CAT0001','Reator',NULL,'',NULL,'','actif',300,'2022-11-08',0,_binary '',500,300,0,NULL,300,100),('PR0066','CAT0001','Sac luis vuiton',NULL,'',NULL,'','actif',100000,'2022-11-08',0,_binary '',200000,100000,0,NULL,100000,50),('PR0067','CAT0001','Blue carte',NULL,'',NULL,'','actif',100,'2022-11-08',0,_binary '',5000,100,0,NULL,100,45),('PR0068','CAT0001','Starlink',NULL,'',NULL,'','actif',10000,'2022-11-08',0,_binary '',500000,10000,0,NULL,10000,150),('PR0069','CAT0001','Pantalon roseta',NULL,'',NULL,'','actif',1000,'2022-11-08',0,_binary '',2000,1000,0,NULL,1000,30),('PR0070','CAT0001','Cuire tv',NULL,'',NULL,'','actif',500,'2022-11-08',0,_binary '',10000,500,0,NULL,500,25),('PR0071','CAT0001','Bic rouge',NULL,'',NULL,'','actif',25,'2022-11-08',0,_binary '',100,25,0,NULL,25,30),('PR0072','CAT0001','Bic noir',NULL,'',NULL,'','actif',25,'2022-11-08',0,_binary '',150,25,0,NULL,25,30),('PR0073','CAT0001','Biscuit parle-G',NULL,'',NULL,'','actif',7,'2022-11-08',0,_binary '',25,10,0,NULL,7,45),('PR0074','CAT0001','Bic violet',NULL,'',NULL,'','actif',25,'2022-11-08',0,_binary '',100,25,0,NULL,25,60),('PR0075','CAT0001','Bic orange',NULL,'',NULL,'','actif',25,'2022-11-08',0,_binary '',100,25,0,NULL,25,30),('PR0076','CAT0001','Clavier tesla',NULL,'',NULL,'','actif',1500,'2022-11-09',0,_binary '',2000,1500,0,NULL,1500,25),('PR0077','CAT0001','Clavier caisse',NULL,'',NULL,'','actif',2500,'2022-11-09',0,_binary '',5000,2500,0,NULL,2500,50),('PR0078','CAT0001','Micro samsung',NULL,'',NULL,'','actif',7500,'2022-11-09',0,_binary '',10000,7500,0,NULL,7500,40),('PR0079','CAT0001','Tailleur noi',NULL,'',NULL,'','actif',2500,'2022-11-09',0,_binary '',5000,2500,0,NULL,2500,70),('PR0080','CAT0001','Grillage',NULL,'Metre',NULL,'','actif',500,'2022-11-09',0,_binary '',1000,500,0,NULL,500,100),('PR0081','CAT0001','Luste ecristal',NULL,'',NULL,'','actif',61111.1,'2022-11-15',0,_binary '',85000,50000,60000,NULL,50000,7),('PR0082','CAT0001','Hublot',NULL,'',NULL,'','actif',35000,'2022-11-15',0,_binary '',45000,35000,0,NULL,35000,48),('PR0083','CAT000002','Applique cristal','1234','pièce',NULL,'','actif',35000,'2022-11-15',0,_binary '',50000,35000,0,NULL,35000,50),('PR0084','CAT0001','Pull Over',NULL,'',NULL,'','actif',1500,'2022-11-18',0,_binary '',2500,2000,0,NULL,1500,50),('PR0085','CAT0001','Opur',NULL,'',NULL,'','actif',200,'2022-11-18',0,_binary '',300,200,250,NULL,200,500),('PR0086','CAT0001','Fenêtre',NULL,'',NULL,'','actif',15000,'2022-11-18',0,_binary '',5000,0,5000,NULL,0,0),('PR0087','CAT0001','Cable astere',NULL,'',NULL,'','actif',7000,'2022-11-23',0,_binary '',10000,7000,8500,NULL,7000,10),('PR0088','CAT0001','Harmoire',NULL,'',NULL,'','actif',0,'2022-11-24',0,_binary '',0,0,0,NULL,0,0),('PR0089','CAT0001','Location de vehicule','LC_VH','Heure',NULL,'on loue exlusivement les caminion','actif',5000,NULL,0,_binary '',15000,0,13000,'service',5000,20000000);
/*!40000 ALTER TABLE `produit` ENABLE KEYS */;
UNLOCK TABLES;

--
-- Table structure for table `produit_stockage`
--

DROP TABLE IF EXISTS `produit_stockage`;
/*!40101 SET @saved_cs_client     = @@character_set_client */;
/*!50503 SET character_set_client = utf8mb4 */;
CREATE TABLE `produit_stockage` (
  `id` int(10) NOT NULL AUTO_INCREMENT,
  `id_produit` varchar(30) NOT NULL,
  `id_stockage` int(10) NOT NULL,
  `stock_reel` float DEFAULT NULL,
  `emplacement` varchar(100) DEFAULT NULL,
  `stock_avenir` float DEFAULT NULL,
  `stock_disponible` float DEFAULT NULL,
  `point_commande` float DEFAULT '0',
  PRIMARY KEY (`id`),
  KEY `est_stocker` (`id_produit`),
  KEY `stoke_les_produits` (`id_stockage`),
  CONSTRAINT `est_stocker` FOREIGN KEY (`id_produit`) REFERENCES `produit` (`id_produit`),
  CONSTRAINT `stoke_les_produits` FOREIGN KEY (`id_stockage`) REFERENCES `stockage` (`id_stockage`)
) ENGINE=InnoDB AUTO_INCREMENT=101 DEFAULT CHARSET=utf8mb4;
/*!40101 SET character_set_client = @saved_cs_client */;

--
-- Dumping data for table `produit_stockage`
--

LOCK TABLES `produit_stockage` WRITE;
/*!40000 ALTER TABLE `produit_stockage` DISABLE KEYS */;
INSERT INTO `produit_stockage` VALUES (2,'PR0001',2,511,'derriere',117,511,0),(3,'PR0002',1,800,'Fonds du magasin',0,800,0),(4,'PR0003',1,202,'',126,208,0),(5,'PR0004',1,90,'',0,93,0),(6,'PR0005',1,132,'',0,132,0),(7,'PR0006',1,35,'etagere du Haut',10,35,0),(8,'PR0007',1,19,'',0,19,0),(9,'PR0008',2,65,'',0,65,0),(10,'PR0009',1,784,'Etagere N2',560,467,2),(11,'PR0010',1,32,'',0,32,0),(12,'PR0011',1,30,'',0,30,0),(13,'PR0012',1,89,'',0,89,0),(14,'PR0013',1,600,'',0,600,0),(15,'PR0014',1,850,'',0,850,0),(16,'PR0015',1,19,'dans le firgo',0,17,0),(17,'PR0016',1,61,'',0,61,0),(18,'PR0017',1,152,'',10,152,0),(19,'PR0018',1,24,'',0,24,0),(20,'PR0019',1,50,'',0,50,0),(21,'PR0020',1,45,'',0,45,0),(22,'PR0021',1,54,'',0,54,0),(23,'PR0022',1,65,'',0,65,0),(24,'PR0023',1,336,'',132,336,0),(25,'PR0024',1,20,'',0,20,0),(26,'PR0025',1,56,'',0,46,0),(27,'PR0026',1,65,'',0,65,0),(28,'PR0027',1,43,'imeuble 700',0,21,15),(29,'PR0028',1,87,'3éme étagere',0,135,26),(30,'PR0009',2,611,'EtagereN3',-500,617,3),(31,'PR0001',1,1992,NULL,0,937,0),(32,'PR0017',2,70,NULL,-60,80,0),(33,'PR0029',1,9550,'niveau 1',11,9315,50),(34,'PR0030',1,54,'',20,54,20),(35,'PR0031',1,100,'',0,100,0),(36,'PR0032',1,50,'',0,50,0),(37,'PR0033',1,81,'',0,81,0),(38,'PR0034',1,0,'',0,0,0),(39,'PR0035',1,-5,'',0,-5,0),(40,'PR0025',2,14,NULL,0,14,0),(41,'PR0036',1,145,'',0,145,48),(42,'PR0037',1,460,'',0,460,50),(43,'PR0033',2,119,NULL,0,119,0),(44,'PR0038',1,90,'',0,90,0),(45,'PR0039',1,105,'',0,105,0),(46,'PR0039',2,100,NULL,0,100,0),(47,'PR0040',1,114,'Etagere N2',0,114,0),(48,'PR0041',1,100,'',0,100,0),(49,'PR0042',1,30,'',0,25,0),(50,'PR0043',1,70,'',0,70,0),(51,'PR0027',2,32,NULL,0,32,0),(52,'PR0029',2,60,NULL,0,60,0),(53,'PR0003',2,53,NULL,0,53,0),(54,'PR0044',1,53,'',0,48,0),(55,'PR0045',1,110,'',0,110,0),(56,'PR0046',1,38,'',5,38,0),(57,'PR0047',1,850,'',0,850,0),(58,'PR0048',1,-10,'',0,-10,0),(59,'PR0049',1,0,'',0,0,0),(60,'PR0050',1,800,'',0,800,0),(61,'PR0051',1,26,'',0,26,0),(62,'PR0052',1,50,'',0,50,0),(63,'PR0053',1,0,'',0,0,0),(64,'PR0054',1,812,'',0,644,0),(65,'PR0055',1,14,'',0,14,0),(66,'PR0056',1,29,'',0,29,0),(67,'PR0057',1,25,'',0,25,25),(68,'PR0058',1,50,'',0,50,0),(69,'PR0059',1,60,'',0,60,0),(70,'PR0060',1,16,'',0,9,0),(71,'PR0061',1,28,'',0,27,0),(72,'PR0062',1,49,'',0,49,0),(73,'PR0063',1,100,'',0,100,0),(74,'PR0064',1,0,'',0,0,0),(75,'PR0065',1,100,'',0,100,0),(76,'PR0066',1,50,'',0,50,0),(77,'PR0067',1,30,'',0,30,0),(78,'PR0068',1,150,'',0,150,0),(79,'PR0069',1,30,'',0,30,0),(80,'PR0070',1,25,'',0,25,0),(81,'PR0071',1,30,'',0,30,0),(82,'PR0072',1,30,'',0,30,0),(83,'PR0073',1,45,'',0,45,0),(84,'PR0074',1,60,'',0,60,0),(85,'PR0075',1,29,'',0,29,0),(86,'PR0076',1,10,'',0,10,0),(87,'PR0077',1,35,'',0,35,0),(88,'PR0078',1,40,'',0,40,0),(89,'PR0079',1,70,'',0,70,0),(90,'PR0080',1,95,'',0,95,0),(91,'PR0081',1,18,'',0,18,0),(92,'PR0082',1,42,'',0,42,0),(93,'PR0083',1,40,'',0,40,0),(94,'PR0084',1,50,'',0,50,0),(95,'PR0085',1,499,'',0,499,0),(96,'PR0086',1,19,'',0,19,0),(97,'PR0087',1,8,'',0,8,0),(98,'PR0088',1,0,'',0,0,0),(99,'PR0089',1,20000000,'',0,20000000,0),(100,'PR0054',2,0,NULL,0,0,0);
/*!40000 ALTER TABLE `produit_stockage` ENABLE KEYS */;
UNLOCK TABLES;

--
-- Table structure for table `registre_stock`
--

DROP TABLE IF EXISTS `registre_stock`;
/*!40101 SET @saved_cs_client     = @@character_set_client */;
/*!50503 SET character_set_client = utf8mb4 */;
CREATE TABLE `registre_stock` (
  `id` int(11) NOT NULL AUTO_INCREMENT,
  `id_utilisateur` int(11) DEFAULT NULL,
  `id_produit` varchar(30) NOT NULL,
  `id_stockage` int(10) NOT NULL,
  `id_document` varchar(30) DEFAULT NULL,
  `date` datetime DEFAULT NULL,
  `context` varchar(150) DEFAULT NULL,
  `stock_reel` float DEFAULT NULL,
  `stock_disponible` float DEFAULT NULL,
  `stock_avenir` float DEFAULT NULL,
  `ajustement_reel` float DEFAULT NULL,
  `ajustement_disponibe` float DEFAULT NULL,
  `ajustement_avenir` float DEFAULT NULL,
  PRIMARY KEY (`id`),
  KEY `FKRegistre_s360921` (`id_produit`),
  KEY `FKRegistre_s760868` (`id_stockage`),
  KEY `FKRegistre_s452472` (`id_utilisateur`),
  CONSTRAINT `FKRegistre_s360921` FOREIGN KEY (`id_produit`) REFERENCES `produit` (`id_produit`),
  CONSTRAINT `FKRegistre_s452472` FOREIGN KEY (`id_utilisateur`) REFERENCES `utilisateur` (`id`),
  CONSTRAINT `FKRegistre_s760868` FOREIGN KEY (`id_stockage`) REFERENCES `stockage` (`id_stockage`)
) ENGINE=InnoDB AUTO_INCREMENT=377 DEFAULT CHARSET=utf8mb4;
/*!40101 SET character_set_client = @saved_cs_client */;

--
-- Dumping data for table `registre_stock`
--

LOCK TABLES `registre_stock` WRITE;
/*!40000 ALTER TABLE `registre_stock` DISABLE KEYS */;
INSERT INTO `registre_stock` VALUES (1,NULL,'PR0032',1,NULL,'2022-10-05 23:37:32','Initialisation du stock.',50,50,0,50,50,0),(2,NULL,'PR0033',1,NULL,'2022-10-08 02:01:42','Initialisation du stock.',0,0,0,0,0,0),(3,NULL,'PR0034',1,NULL,'2022-10-08 02:02:09','Initialisation du stock.',0,0,0,0,0,0),(4,NULL,'PR0035',1,NULL,'2022-10-08 02:02:30','Initialisation du stock.',0,0,0,0,0,0),(5,NULL,'PR0036',1,NULL,'2022-10-13 12:53:59','Initialisation du stock.',150,150,0,150,150,0),(6,NULL,'PR0037',1,NULL,'2022-10-13 15:41:35','Initialisation du stock.',500,500,0,500,500,0),(7,NULL,'PR0038',1,NULL,'2022-10-17 14:54:15','Initialisation du stock.',100,100,0,100,100,0),(8,NULL,'PR0039',1,NULL,'2022-10-17 15:28:32','Initialisation du stock.',10,10,0,10,10,0),(9,NULL,'PR0040',1,NULL,'2022-10-17 16:01:24','Initialisation du stock.',20,20,0,20,20,0),(10,NULL,'PR0041',1,NULL,'2022-10-18 16:26:16','Initialisation du stock.',100,100,0,100,100,0),(11,NULL,'PR0042',1,NULL,'2022-10-19 17:31:25','Initialisation du stock.',50,50,0,50,50,0),(12,1,'PR0043',1,NULL,'2022-10-22 23:30:40','Initialisation du stock.',70,70,0,70,70,0),(13,1,'PR0012',1,'FA000103','2022-10-23 01:29:03','Modification d\'une facture',115,115,0,15,15,0),(14,1,'PR0012',1,'FA000103','2022-10-23 01:29:58','Modification d\'une facture',90,90,0,-25,-25,0),(15,1,'PR0003',1,'FA000104','2022-10-23 01:32:11','Creation d\'une facture.',243,309,126,-12,-12,0),(16,1,'PR0009',1,'FA000104','2022-10-23 01:32:11','Creation d\'une facture.',897,822,560,-1,-1,0),(17,1,'PR0027',1,'FA000104','2022-10-23 01:32:11','Creation d\'une facture.',57,42,0,-8,-8,0),(18,1,'PR0001',1,'FA000104','2022-10-23 01:32:11','Creation d\'une facture.',2215,1965,0,-2,-2,0),(19,1,'PR0029',1,'FA000104','2022-10-23 01:32:11','Creation d\'une facture.',425,390,11,-100,-100,0),(20,1,'PR0003',1,'FA000104','2022-10-23 01:41:39','Modification d\'une facture',249,315,126,6,6,0),(21,1,'PR0009',1,'FA000104','2022-10-23 01:41:39','Modification d\'une facture',895,820,560,-2,-2,0),(22,1,'PR0027',1,'FA000104','2022-10-23 01:41:39','Modification d\'une facture',63,48,0,6,6,0),(23,1,'PR0001',1,'FA000104','2022-10-23 01:41:39','Modification d\'une facture',2067,1817,0,-148,-148,0),(24,1,'PR0029',1,'FA000104','2022-10-23 01:41:39','Modification d\'une facture',325,290,11,-100,-100,0),(25,2,'PR0003',1,'FA000104','2022-10-23 01:49:55','Modification d\'une facture',195,261,126,-54,-54,0),(26,2,'PR0027',1,'FA000104','2022-10-23 01:49:56','Modification d\'une facture',64,49,0,1,1,0),(27,2,'PR0001',1,'FA000104','2022-10-23 01:49:56','Modification d\'une facture',2087,1837,0,20,20,0),(28,NULL,'PR0009',1,'FA000102','2022-10-23 03:23:47','Annulation d\'une facture',975,900,560,80,80,0),(29,NULL,'PR0009',1,'FA000102','2022-10-23 03:24:34','Reactivation d\'une facture',895,820,560,-80,-80,0),(30,NULL,'PR0025',1,'BC000026','2022-10-25 17:33:05','Création du bon de commande',32,37,0,0,-10,0),(31,NULL,'PR0027',1,'BC000026','2022-10-25 17:33:05','Création du bon de commande',64,34,0,0,-15,0),(32,NULL,'PR0027',1,'BC000026','2022-10-25 17:52:05','Modification du bon de commande',64,44,0,0,10,0),(33,NULL,'PR0025',1,'BC000026','2022-10-25 19:24:07','Annulation du bon de commannde',32,47,0,0,10,0),(34,NULL,'PR0027',1,'BC000026','2022-10-25 19:24:08','Annulation du bon de commannde',64,49,0,0,5,0),(35,1,'PR0025',1,'BC000026','2022-10-25 19:25:10','Reactivation du bon de commannde',32,37,0,0,-10,0),(36,1,'PR0027',1,'BC000026','2022-10-25 19:25:10','Reactivation du bon de commannde',64,44,0,0,-5,0),(37,1,'PR0025',1,'BL000023','2022-10-25 19:25:50','Change de statut du bonLivraison.',22,37,0,-10,0,0),(38,1,'PR0027',1,'BL000023','2022-10-25 19:25:50','Change de statut du bonLivraison.',59,44,0,-5,0,0),(39,1,'PR0025',1,'BL000023','2022-10-25 19:35:27','Anullation du bon de livraison',32,37,0,10,0,0),(40,1,'PR0027',1,'BL000023','2022-10-25 19:35:27','Anullation du bon de livraison',64,44,0,5,0,0),(41,1,'PR0009',1,'BC000027','2022-10-25 21:29:37','Création du bon de commande',895,819,560,0,-1,0),(42,1,'PR0025',1,'OA000006','2022-10-25 21:31:45','Création de l\'ordre d\'achat',32,37,18,0,0,18),(43,1,'PR0025',1,'OA000006','2022-10-25 21:38:03','Modification de l\'ordre d\'achat',32,37,13,0,0,-5),(44,1,'PR0025',1,'LV000011','2022-10-25 22:16:44','Réception des produits',38,43,7,6,6,-6),(45,1,'PR0025',1,'LV000011','2022-10-25 22:19:27','Modification réception des produits',36,41,9,-2,-2,2),(46,1,'PR0025',1,'LV000011','2022-10-25 22:33:04','Anullation de la réception de produits',32,37,13,-4,-4,4),(47,1,'PR0009',1,'ES000006','2022-10-25 23:51:05','Création de l\'Entrée de stock',1015,939,560,120,120,0),(48,1,'PR0017',1,'ES000006','2022-10-25 23:52:27','Modification de l\'Entrée de stock',270,270,10,8,8,0),(49,1,'PR0027',1,'ES000006','2022-10-25 23:52:27','Modification de l\'Entrée de stock',79,59,0,15,15,0),(50,1,'PR0001',1,'ES000006','2022-10-25 23:52:27','Modification de l\'Entrée de stock',2090,1840,0,3,3,0),(51,1,'PR0009',1,'ES000006','2022-10-25 23:52:49','Annulation de l\'Entrée de stock',895,819,560,-120,-120,0),(52,1,'PR0017',1,'ES000006','2022-10-25 23:52:49','Annulation de l\'Entrée de stock',262,262,10,-8,-8,0),(53,1,'PR0027',1,'ES000006','2022-10-25 23:52:49','Annulation de l\'Entrée de stock',64,44,0,-15,-15,0),(54,1,'PR0001',1,'ES000006','2022-10-25 23:52:50','Annulation de l\'Entrée de stock',2087,1837,0,-3,-3,0),(55,1,'PR0001',2,'SS000002','2022-10-25 23:54:24','Création de la Sortie de stock',511,511,117,-12,-12,0),(56,1,'PR0009',2,'SS000002','2022-10-25 23:54:24','Création de la Sortie de stock',704,710,-500,-100,-100,0),(57,1,'PR0001',2,'SS000002','2022-10-25 23:55:17','Annulation de la Sortie de stock',523,523,117,12,12,0),(58,1,'PR0009',2,'SS000002','2022-10-25 23:55:18','Annulation de la Sortie de stock',804,810,-500,100,100,0),(59,1,'PR0001',2,'SS000002','2022-10-25 23:55:23','Reactivation de la Sortie de stock',511,511,117,-12,-12,0),(60,1,'PR0009',2,'SS000002','2022-10-25 23:55:23','Reactivation de la Sortie de stock',704,710,-500,-100,-100,0),(61,1,'PR0001',2,'SS000002','2022-10-25 23:55:25','Annulation de la Sortie de stock',523,523,117,12,12,0),(62,1,'PR0009',2,'SS000002','2022-10-25 23:55:25','Annulation de la Sortie de stock',804,810,-500,100,100,0),(63,1,'PR0003',1,'MS000004','2022-10-25 23:56:37','Création du mouvement de stock',187,253,126,-8,-8,0),(64,1,'PR0009',1,'MS000004','2022-10-25 23:56:37','Création du mouvement de stock',888,812,560,-7,-7,0),(65,1,'PR0027',1,'MS000004','2022-10-25 23:56:37','Création du mouvement de stock',52,32,0,-12,-12,0),(66,1,'PR0009',2,'MS000004','2022-10-25 23:56:37','Création du mouvement de stock',811,817,-500,7,7,0),(67,1,'PR0029',1,'MS000004','2022-10-25 23:56:37','Création du mouvement de stock',315,280,11,-10,-10,0),(68,1,'PR0027',2,'MS000004','2022-10-25 23:56:37','Création du mouvement de stock',12,12,0,12,12,0),(69,1,'PR0029',2,'MS000004','2022-10-25 23:56:37','Création du mouvement de stock',10,10,0,10,10,0),(70,1,'PR0003',2,'MS000004','2022-10-25 23:56:37','Création du mouvement de stock',8,8,0,8,8,0),(71,2,'PR0001',1,'BC000028','2022-10-28 08:39:42','Création du bon de commande',2087,1787,0,0,-50,0),(72,2,'PR0044',1,NULL,'2022-10-28 13:24:52','Initialisation du stock.',15,15,0,15,15,0),(73,2,'PR0045',1,NULL,'2022-10-28 19:19:19','Initialisation du stock.',10,10,0,10,10,0),(74,2,'PR0045',1,'ES000007','2022-10-28 19:19:46','Création de l\'Entrée de stock',15,15,0,5,5,0),(75,2,'PR0045',1,'ES000007','2022-10-28 19:26:09','Annulation de l\'Entrée de stock',10,10,0,-5,-5,0),(76,2,'PR0045',1,'ES000007','2022-10-28 19:26:19','Reactivation de l\'Entrée de stock',15,15,0,5,5,0),(77,2,'PR0045',1,'ES000007','2022-10-28 19:26:37','Annulation de l\'Entrée de stock',10,10,0,-5,-5,0),(78,2,'PR0045',1,'ES000007','2022-10-28 19:32:22','Reactivation de l\'Entrée de stock',15,15,0,5,5,0),(79,2,'PR0045',1,'ES000007','2022-10-28 19:33:47','Annulation de l\'Entrée de stock',10,10,0,-5,-5,0),(80,2,'PR0045',1,'ES000007','2022-10-28 19:33:58','Reactivation de l\'Entrée de stock',15,15,0,5,5,0),(81,2,'PR0045',1,'ES000007','2022-10-28 19:35:27','Modification de l\'Entrée de stock',10,10,0,-5,-5,0),(82,2,'PR0045',1,'OA000007','2022-10-28 19:40:50','Création de l\'ordre d\'achat',10,10,10,0,0,10),(83,2,'PR0025',1,'LV000011','2022-10-28 19:52:11','Reactivation de la réception de produits',36,41,9,4,4,-4),(84,2,'PR0025',1,'LV000011','2022-10-28 19:52:48','Anullation de la réception de produits',32,37,13,-4,-4,4),(85,2,'PR0025',1,'OA000006','2022-10-28 19:52:49','Annulation de l\'ordre d\'achat.',32,37,0,-4,-4,-9),(86,2,'PR0045',1,'OA000007','2022-10-28 19:55:53','Modification de l\'ordre d\'achat',10,10,5,0,0,-5),(87,2,'PR0045',1,'LV000012','2022-10-28 19:56:00','Réception des produits',15,15,0,5,5,-5),(88,2,'PR0045',1,'LV000012','2022-10-28 20:19:58','Anullation de la réception de produits',10,10,5,-5,-5,5),(89,2,'PR0045',1,'ES000007','2022-10-28 20:20:48','Modification de l\'Entrée de stock',15,15,5,5,5,0),(90,2,'PR0045',1,'LV000012','2022-10-28 20:30:13','Reactivation de la réception de produits',20,20,0,5,5,-5),(91,2,'PR0045',1,'ES000007','2022-10-28 20:33:46','Annulation de l\'Entrée de stock',15,15,0,-5,-5,0),(92,2,'PR0045',1,'LV000012','2022-10-28 20:37:54','Anullation de la réception de produits',10,10,5,-5,-5,5),(93,2,'PR0045',1,'LV000012','2022-10-28 20:37:57','Reactivation de la réception de produits',15,15,0,5,5,-5),(94,2,'PR0045',1,'ES000007','2022-10-28 20:38:44','Reactivation de l\'Entrée de stock',20,20,0,5,5,0),(95,2,'PR0033',1,'FA000106','2022-10-28 20:46:12','Creation d\'une facture.',4,4,0,-1,-1,0),(96,2,'PR0045',1,'LV000012','2022-10-28 21:12:41','Anullation de la réception de produits',15,15,5,-5,-5,5),(97,2,'PR0045',1,'ES000007','2022-10-28 21:13:07','Annulation de l\'Entrée de stock',10,10,5,-5,-5,0),(98,2,'PR0045',1,'LV000012','2022-10-28 21:13:54','Reactivation de la réception de produits',15,15,0,5,5,-5),(99,2,'PR0005',1,'ES000008','2022-10-28 21:31:03','Création de l\'Entrée de stock',132,132,0,72,72,0),(100,2,'PR0018',1,'ES000009','2022-10-29 15:24:14','Création de l\'Entrée de stock',14,14,0,4,4,0),(101,2,'PR0018',1,'FA000108','2022-10-29 15:28:24','Creation d\'une facture.',9,9,0,-5,-5,0),(102,2,'PR0005',1,'FA000109','2022-10-29 15:39:29','Creation d\'une facture.',117,117,0,-15,-15,0),(103,2,'PR0005',1,'FA000109','2022-10-29 15:39:48','Modification d\'une facture',111,111,0,-6,-6,0),(104,NULL,'PR0033',1,'FA000110','2022-10-31 18:16:35','Creation d\'une facture.',2,2,0,-2,-2,0),(105,NULL,'PR0045',1,'FA000110','2022-10-31 18:17:52','Creation d\'une facture.',3,3,0,-12,-12,0),(106,NULL,'PR0005',1,'FA000109','2022-10-31 21:23:33','Annulation d\'une facture',132,132,0,21,21,0),(107,NULL,'PR0025',1,'FA000110','2022-10-31 21:30:55','Creation d\'une facture.',22,27,0,-10,-10,0),(108,2,'PR0025',1,'FA000110','2022-10-31 21:32:13','Creation d\'une facture.',7,12,0,-15,-15,0),(109,2,'PR0046',1,NULL,'2022-11-01 13:11:10','Initialisation du stock.',50,50,0,50,50,0),(110,2,'PR0046',1,'FA000111','2022-11-01 13:13:14','Creation d\'une facture.',40,40,0,-10,-10,0),(111,2,'PR0046',1,'OA000008','2022-11-01 13:17:32','Création de l\'ordre d\'achat',40,40,15,0,0,15),(112,2,'PR0046',1,'LV000013','2022-11-01 13:18:20','Réception des produits',50,50,5,10,10,-10),(113,2,'PR0046',1,'FA000112','2022-11-01 13:36:31','Creation d\'une facture.',48,48,5,-2,-2,0),(114,2,'PR0012',1,'FA000112','2022-11-01 13:37:34','Modification d\'une facture',88,88,0,-2,-2,0),(115,2,'PR0025',1,'FA000112','2022-11-01 13:37:50','Modification d\'une facture',-13,-8,0,-20,-20,0),(116,1,'PR0012',1,'FA000112','2022-11-01 14:29:27','Annulation d\'une facture',90,90,0,2,2,0),(117,1,'PR0025',1,'FA000112','2022-11-01 14:29:27','Annulation d\'une facture',7,12,0,20,20,0),(118,1,'PR0046',1,'FA000112','2022-11-01 14:29:27','Annulation d\'une facture',50,50,5,2,2,0),(119,1,'PR0046',1,'FA000111','2022-11-01 14:29:39','Annulation d\'une facture',60,60,5,10,10,0),(120,1,'PR0046',1,'FA000111','2022-11-01 15:41:02','Reactivation d\'une facture',50,50,5,-10,-10,0),(121,1,'PR0047',1,NULL,'2022-11-02 12:11:09','Initialisation du stock.',1000,1000,0,1000,1000,0),(122,1,'PR0047',1,'FA000113','2022-11-02 12:16:48','Creation d\'une facture.',850,850,0,-150,-150,0),(123,1,'PR0046',1,'FA000114','2022-11-02 12:47:05','Creation d\'une facture.',40,40,5,-10,-10,0),(124,2,'PR0001',1,'FA000115','2022-11-02 15:41:22','Creation d\'une facture.',2072,1772,0,-15,-15,0),(125,1,'PR0001',1,'BL000025','2022-11-02 15:42:12','Changement du statut du bon de livraison.',2062,1772,0,-10,0,0),(126,1,'PR0001',1,'BL000026','2022-11-02 15:47:55','Changement du statut du bon de livraison.',2037,1772,0,-25,0,0),(127,1,'PR0009',1,'BL000027','2022-11-02 19:44:48','Changement du statut du bon de livraison.',881,812,560,-7,0,0),(128,1,'PR0009',1,'BL000028','2022-11-02 19:47:42','Changement du statut du bon de livraison.',871,812,560,-10,0,0),(129,1,'PR0009',1,'BL000029','2022-11-02 19:47:55','Changement du statut du bon de livraison.',870,812,560,-1,0,0),(130,1,'PR0017',1,'BL000030','2022-11-02 19:48:11','Changement du statut du bon de livraison.',252,262,10,-10,0,0),(131,1,'PR0001',1,'BL000031','2022-11-02 19:48:50','Changement du statut du bon de livraison.',2027,1772,0,-10,0,0),(132,1,'PR0009',1,'FA000117','2022-11-03 09:59:56','Creation d\'une facture.',850,792,560,-20,-20,0),(133,1,'PR0017',1,'FA000117','2022-11-03 09:59:56','Creation d\'une facture.',202,212,10,-50,-50,0),(134,1,'PR0027',1,'FA000117','2022-11-03 09:59:56','Creation d\'une facture.',46,26,0,-6,-6,0),(135,1,'PR0004',1,'BC000029','2022-11-03 10:06:13','Création du bon de commande',91,93,0,0,-1,0),(136,1,'PR0027',1,'BC000029','2022-11-03 10:06:13','Création du bon de commande',46,22,0,0,-2,0),(137,1,'PR0029',1,'BC000029','2022-11-03 10:06:13','Création du bon de commande',315,-120,11,0,-200,0),(138,1,'PR0042',1,'BC000029','2022-11-03 10:06:13','Création du bon de commande',40,25,0,0,-10,0),(139,1,'PR0044',1,'BC000029','2022-11-03 10:06:13','Création du bon de commande',15,5,0,0,-5,0),(140,1,'PR0004',1,'BL000032','2022-11-03 10:07:58','Changement du statut du bon de livraison.',90,93,0,-1,0,0),(141,1,'PR0027',1,'BL000032','2022-11-03 10:07:58','Changement du statut du bon de livraison.',44,22,0,-2,0,0),(142,1,'PR0029',1,'BL000032','2022-11-03 10:07:58','Changement du statut du bon de livraison.',115,-120,11,-200,0,0),(143,1,'PR0042',1,'BL000032','2022-11-03 10:07:58','Changement du statut du bon de livraison.',30,25,0,-10,0,0),(144,1,'PR0044',1,'BL000032','2022-11-03 10:07:58','Changement du statut du bon de livraison.',10,5,0,-5,0,0),(145,1,'PR0029',1,'ES000010','2022-11-03 10:08:54','Création de l\'Entrée de stock',10155,9920,11,10040,10040,0),(146,2,'PR0009',1,'BC000028','2022-11-03 10:50:23','Modification du bon de commande',850,742,560,0,-50,0),(147,2,'PR0017',1,'BC000028','2022-11-03 10:50:23','Modification du bon de commande',202,162,10,0,-50,0),(148,2,'PR0001',1,'BC000028','2022-11-03 10:50:23','Modification du bon de commande',2027,1742,0,0,-30,0),(149,1,'PR0001',1,'BL000025','2022-11-03 11:23:49','Annulation du bon de livraison',2037,1742,0,10,0,0),(150,1,'PR0001',1,'BL000026','2022-11-03 11:23:50','Annulation du bon de livraison',2062,1742,0,25,0,0),(151,1,'PR0001',1,'BL000031','2022-11-03 11:23:50','Annulation du bon de livraison',2072,1742,0,10,0,0),(152,1,'PR0009',1,'BC000028','2022-11-03 11:23:50','Annulation du bon de commannde',850,792,560,0,50,0),(153,1,'PR0017',1,'BC000028','2022-11-03 11:23:50','Annulation du bon de commannde',202,212,10,0,50,0),(154,1,'PR0001',1,'BC000028','2022-11-03 11:23:50','Annulation du bon de commannde',2072,1822,0,45,80,0),(155,1,'PR0009',1,'BC000028','2022-11-03 11:24:01','Reactivation du bon de commannde',850,742,560,0,-50,0),(156,1,'PR0017',1,'BC000028','2022-11-03 11:24:02','Reactivation du bon de commannde',202,162,10,0,-50,0),(157,1,'PR0001',1,'BC000028','2022-11-03 11:24:02','Reactivation du bon de commannde',2072,1742,0,0,-80,0),(158,1,'PR0001',1,'BL000025','2022-11-03 11:24:13','Changement du statut du bon de livraison.',2062,1742,0,-10,0,0),(159,1,'PR0009',1,'BL000034','2022-11-03 11:24:34','Changement du statut du bon de livraison.',800,742,560,-50,0,0),(160,1,'PR0017',1,'BL000034','2022-11-03 11:24:34','Changement du statut du bon de livraison.',152,162,10,-50,0,0),(161,1,'PR0001',1,'BL000034','2022-11-03 11:24:34','Changement du statut du bon de livraison.',1992,1742,0,-70,0,0),(162,1,'PR0009',1,'BL000024','2022-11-03 11:26:46','Changement du statut du bon de livraison.',799,742,560,-1,0,0),(163,1,'PR0009',1,'BL000035','2022-11-03 11:29:27','Changement du statut du bon de livraison.',787,742,560,-12,0,0),(164,1,'PR0017',1,'BL000035','2022-11-03 11:29:27','Changement du statut du bon de livraison.',151,162,10,-1,0,0),(165,1,'PR0025',1,'BL000035','2022-11-03 11:29:27','Changement du statut du bon de livraison.',-13,12,0,-20,0,0),(166,1,'PR0009',1,'BL000035','2022-11-03 11:29:45','Changement du statut du bon de livraison.',799,742,560,12,0,0),(167,1,'PR0017',1,'BL000035','2022-11-03 11:29:45','Changement du statut du bon de livraison.',152,162,10,1,0,0),(168,1,'PR0025',1,'BL000035','2022-11-03 11:29:45','Changement du statut du bon de livraison.',7,12,0,20,0,0),(169,1,'PR0009',1,'FA000119','2022-11-03 11:30:50','Creation d\'une facture.',789,732,560,-10,-10,0),(170,1,'PR0012',1,'FA000119','2022-11-03 11:30:50','Creation d\'une facture.',89,89,0,-1,-1,0),(171,1,'PR0017',1,'FA000119','2022-11-03 11:30:50','Creation d\'une facture.',142,152,10,-10,-10,0),(172,1,'PR0027',1,'FA000119','2022-11-03 11:30:50','Creation d\'une facture.',43,21,0,-1,-1,0),(173,2,'PR0009',1,'BL000021','2022-11-03 14:00:23','Changement du statut du bon de livraison.',889,732,560,100,0,0),(174,2,'PR0015',1,'BL000021','2022-11-03 14:00:24','Changement du statut du bon de livraison.',11,4,0,5,0,0),(175,2,'PR0009',1,'BL000021','2022-11-03 14:00:27','Changement du statut du bon de livraison.',789,732,560,-100,0,0),(176,2,'PR0015',1,'BL000021','2022-11-03 14:00:27','Changement du statut du bon de livraison.',6,4,0,-5,0,0),(177,2,'PR0009',1,'BC000030','2022-11-03 14:01:12','Création du bon de commande',789,722,560,0,-10,0),(178,2,'PR0014',1,'BC000030','2022-11-03 14:01:12','Création du bon de commande',1000,850,0,0,-150,0),(179,2,'PR0015',1,'BC000030','2022-11-03 14:01:12','Création du bon de commande',6,2,0,0,-2,0),(180,2,'PR0029',1,'BC000030','2022-11-03 14:01:12','Création du bon de commande',10155,9320,11,0,-600,0),(181,2,'PR0014',1,'BL000036','2022-11-03 14:01:21','Changement du statut du bon de livraison.',850,850,0,-150,0,0),(182,2,'PR0015',1,'BL000036','2022-11-03 14:01:21','Changement du statut du bon de livraison.',4,2,0,-2,0,0),(183,2,'PR0029',1,'BL000036','2022-11-03 14:01:21','Changement du statut du bon de livraison.',9555,9320,11,-600,0,0),(184,1,'PR0017',1,'BL000030','2022-11-03 14:47:58','Changement du statut du bon de livraison.',152,152,10,10,0,0),(185,1,'PR0017',1,'BL000030','2022-11-03 14:48:02','Changement du statut du bon de livraison.',142,152,10,-10,0,0),(186,1,'PR0017',1,'BL000030','2022-11-03 14:48:04','Annulation du bon de livraison',152,152,10,10,0,0),(187,1,'PR0009',1,'BC000031','2022-11-03 14:48:30','Création du bon de commande',789,657,560,0,-65,0),(188,1,'PR0025',1,'BC000031','2022-11-03 14:48:30','Création du bon de commande',7,10,0,0,-2,0),(189,1,'PR0009',1,'BL000037','2022-11-03 14:48:41','Changement du statut du bon de livraison.',729,657,560,-60,0,0),(190,1,'PR0025',1,'BL000037','2022-11-03 14:48:41','Changement du statut du bon de livraison.',5,10,0,-2,0,0),(191,1,'PR0009',1,'BL000038','2022-11-03 14:48:48','Changement du statut du bon de livraison.',724,657,560,-5,0,0),(192,1,'PR0009',1,'OA000009','2022-11-04 09:59:16','Création de l\'ordre d\'achat',724,657,561,0,0,1),(193,1,'PR0009',1,'FA000124','2022-11-04 10:35:06','Creation d\'une facture.',714,647,561,-10,-10,0),(194,1,'PR0009',1,'LV000014','2022-11-05 11:45:30','Réception des produits',715,648,560,1,1,-1),(195,1,'PR0009',1,'LV000014','2022-11-05 11:49:50','Anullation de la réception de produits',714,647,561,-1,-1,1),(196,1,'PR0009',1,'LV000014','2022-11-05 11:51:34','Reactivation de la réception de produits',715,648,560,1,1,-1),(197,NULL,'PR0009',1,NULL,'2022-11-05 12:02:13','Ajustement Manuel du niveau de stock',760,693,560,45,45,0),(198,1,'PR0033',2,NULL,'2022-11-05 12:13:08','Mise à jour Manuel du niveau de stock',119,119,0,114,114,0),(199,1,'PR0001',2,'SS000002','2022-11-05 13:16:50','Reactivation de la Sortie de stock',511,511,117,-12,-12,0),(200,1,'PR0009',2,'SS000002','2022-11-05 13:16:50','Reactivation de la Sortie de stock',711,717,-500,-100,-100,0),(201,1,'PR0029',1,'FA000125','2022-11-05 13:33:31','Creation d\'une facture.',9550,9315,11,-5,-5,0),(202,1,'PR0007',1,NULL,'2022-11-05 15:19:56','Mise à jour Manuel du niveau de stock',19,19,0,19,19,0),(203,1,'PR0015',1,NULL,'2022-11-05 15:19:56','Mise à jour Manuel du niveau de stock',19,17,0,15,15,0),(204,1,'PR0016',1,NULL,'2022-11-05 15:19:56','Mise à jour Manuel du niveau de stock',61,61,0,60,60,0),(205,1,'PR0018',1,NULL,'2022-11-05 15:19:56','Mise à jour Manuel du niveau de stock',24,24,0,15,15,0),(206,1,'PR0020',1,NULL,'2022-11-05 15:19:57','Mise à jour Manuel du niveau de stock',45,45,0,45,45,0),(207,1,'PR0021',1,NULL,'2022-11-05 15:19:57','Mise à jour Manuel du niveau de stock',54,54,0,54,54,0),(208,1,'PR0022',1,NULL,'2022-11-05 15:19:57','Mise à jour Manuel du niveau de stock',65,65,0,65,65,0),(209,1,'PR0024',1,NULL,'2022-11-05 15:19:57','Mise à jour Manuel du niveau de stock',20,20,0,16,16,0),(210,1,'PR0025',1,NULL,'2022-11-05 15:19:57','Mise à jour Manuel du niveau de stock',56,61,0,51,51,0),(211,1,'PR0026',1,NULL,'2022-11-05 15:19:57','Mise à jour Manuel du niveau de stock',65,65,0,65,65,0),(212,1,'PR0033',1,NULL,'2022-11-05 15:19:57','Mise à jour Manuel du niveau de stock',81,81,0,65,65,0),(213,1,'PR0025',2,NULL,'2022-11-05 15:19:57','Mise à jour Manuel du niveau de stock',14,14,0,14,14,0),(214,1,'PR0038',1,NULL,'2022-11-05 15:19:57','Mise à jour Manuel du niveau de stock',90,90,0,15,15,0),(215,1,'PR0039',1,NULL,'2022-11-05 15:19:57','Mise à jour Manuel du niveau de stock',105,105,0,100,100,0),(216,1,'PR0027',2,NULL,'2022-11-05 15:19:57','Mise à jour Manuel du niveau de stock',32,32,0,20,20,0),(217,1,'PR0029',2,NULL,'2022-11-05 15:19:57','Mise à jour Manuel du niveau de stock',60,60,0,50,50,0),(218,1,'PR0003',2,NULL,'2022-11-05 15:19:57','Mise à jour Manuel du niveau de stock',53,53,0,45,45,0),(219,1,'PR0044',1,NULL,'2022-11-05 15:19:57','Mise à jour Manuel du niveau de stock',53,48,0,43,43,0),(220,1,'PR0045',1,NULL,'2022-11-05 15:19:57','Mise à jour Manuel du niveau de stock',128,128,0,125,125,0),(221,1,'PR0009',1,'FA000126','2022-11-06 20:13:12','Creation d\'une facture.',750,683,560,-10,-10,0),(222,1,'PR0003',1,'BC000032','2022-11-07 12:41:57','Création du bon de commande',202,208,126,0,-60,0),(223,1,'PR0009',1,'BC000032','2022-11-07 12:41:57','Création du bon de commande',750,533,560,0,-150,0),(224,1,'PR0009',1,'FA000128','2022-11-07 13:14:15','Creation d\'une facture.',150,-67,560,-600,-600,0),(225,1,'PR0009',1,'ES000011','2022-11-07 19:53:27','Création de l\'Entrée de stock',950,733,560,800,800,0),(226,1,'PR0009',1,'FA000129','2022-11-07 19:56:04','Creation d\'une facture.',849,632,560,-101,-101,0),(227,1,'PR0048',1,NULL,'2022-11-07 22:55:18','Initialisation du stock.',0,0,0,0,0,0),(228,1,'PR0049',1,NULL,'2022-11-08 00:06:20','Initialisation du stock.',0,0,0,0,0,0),(229,1,'PR0050',1,NULL,'2022-11-08 00:21:54','Initialisation du stock.',800,800,0,800,800,0),(230,1,'PR0051',1,NULL,'2022-11-08 00:25:21','Initialisation du stock.',26,26,0,26,26,0),(231,1,'PR0052',1,NULL,'2022-11-08 00:27:45','Initialisation du stock.',50,50,0,50,50,0),(232,1,'PR0053',1,NULL,'2022-11-08 00:47:02','Initialisation du stock.',0,0,0,0,0,0),(233,1,'PR0054',1,NULL,'2022-11-08 00:51:12','Initialisation du stock.',1000,1000,0,1000,1000,0),(234,1,'PR0055',1,NULL,'2022-11-08 01:02:52','Initialisation du stock.',14,14,0,14,14,0),(235,1,'PR0056',1,NULL,'2022-11-08 01:10:25','Initialisation du stock.',29,29,0,29,29,0),(236,1,'PR0057',1,NULL,'2022-11-08 01:14:09','Initialisation du stock.',25,25,0,25,25,0),(237,1,'PR0058',1,NULL,'2022-11-08 01:18:44','Initialisation du stock.',50,50,0,50,50,0),(238,1,'PR0009',1,'FA000129','2022-11-08 07:35:24','Modification d\'une facture',799,582,560,-50,-50,0),(239,1,'PR0054',1,'FA000129','2022-11-08 07:35:24','Modification d\'une facture',982,982,0,-18,-18,0),(240,1,'PR0059',1,NULL,'2022-11-08 07:56:46','Initialisation du stock.',60,60,0,60,60,0),(241,1,'PR0060',1,NULL,'2022-11-08 08:02:42','Initialisation du stock.',60,60,0,60,60,0),(242,1,'PR0061',1,NULL,'2022-11-08 08:08:54','Initialisation du stock.',40,40,0,40,40,0),(243,1,'PR0062',1,NULL,'2022-11-08 08:17:32','Initialisation du stock.',49,49,0,49,49,0),(244,1,'PR0063',1,NULL,'2022-11-08 14:59:34','Initialisation du stock.',100,100,0,100,100,0),(245,1,'PR0064',1,NULL,'2022-11-08 15:03:25','Initialisation du stock.',0,0,0,0,0,0),(246,1,'PR0065',1,NULL,'2022-11-08 15:07:53','Initialisation du stock.',100,100,0,100,100,0),(247,1,'PR0066',1,NULL,'2022-11-08 15:14:00','Initialisation du stock.',50,50,0,50,50,0),(248,1,'PR0067',1,NULL,'2022-11-08 17:17:27','Initialisation du stock.',45,45,0,45,45,0),(249,1,'PR0068',1,NULL,'2022-11-08 17:23:22','Initialisation du stock.',150,150,0,150,150,0),(250,1,'PR0069',1,NULL,'2022-11-08 17:29:06','Initialisation du stock.',30,30,0,30,30,0),(251,1,'PR0070',1,NULL,'2022-11-08 17:47:39','Initialisation du stock.',25,25,0,25,25,0),(252,1,'PR0071',1,NULL,'2022-11-08 19:28:35','Initialisation du stock.',30,30,0,30,30,0),(253,1,'PR0072',1,NULL,'2022-11-08 19:58:05','Initialisation du stock.',30,30,0,30,30,0),(254,1,'PR0073',1,NULL,'2022-11-08 20:08:19','Initialisation du stock.',45,45,0,45,45,0),(255,1,'PR0074',1,NULL,'2022-11-08 20:25:33','Initialisation du stock.',60,60,0,60,60,0),(256,1,'PR0075',1,NULL,'2022-11-08 20:30:02','Initialisation du stock.',30,30,0,30,30,0),(257,1,'PR0076',1,NULL,'2022-11-08 23:04:08','Initialisation du stock.',25,25,0,25,25,0),(258,1,'PR0077',1,NULL,'2022-11-08 23:11:48','Initialisation du stock.',50,50,0,50,50,0),(259,1,'PR0061',1,'FA000128','2022-11-08 23:12:43','Modification d\'une facture',39,39,0,-1,-1,0),(260,1,'PR0076',1,'FA000128','2022-11-08 23:12:43','Modification d\'une facture',10,10,0,-15,-15,0),(261,1,'PR0077',1,'FA000128','2022-11-08 23:12:43','Modification d\'une facture',35,35,0,-15,-15,0),(262,1,'PR0078',1,NULL,'2022-11-08 23:14:43','Initialisation du stock.',40,40,0,40,40,0),(263,1,'PR0079',1,NULL,'2022-11-09 08:00:44','Initialisation du stock.',70,70,0,70,70,0),(264,1,'PR0009',1,'BC000017','2022-11-09 09:44:53','Reactivation du bon de commannde',799,482,560,0,-100,0),(265,1,'PR0025',1,'BC000017','2022-11-09 09:44:53','Reactivation du bon de commannde',56,46,0,0,-15,0),(266,1,'PR0009',2,'FA000131','2022-11-09 12:29:41','Creation d\'une facture.',611,617,-500,-100,-100,0),(267,1,'PR0048',1,'FA000132','2022-11-09 12:31:40','Creation d\'une facture.',-10,-10,0,-10,-10,0),(268,1,'PR0046',1,'FA000133','2022-11-09 13:59:47','Creation d\'une facture.',35,35,5,-5,-5,0),(269,1,'PR0075',1,'FA000133','2022-11-09 13:59:47','Creation d\'une facture.',29,29,0,-1,-1,0),(270,1,'PR0080',1,NULL,'2022-11-09 14:09:46','Initialisation du stock.',100,100,0,100,100,0),(271,1,'PR0061',1,'FA000134','2022-11-09 14:10:17','Creation d\'une facture.',38,38,0,-1,-1,0),(272,1,'PR0080',1,'FA000134','2022-11-09 14:10:17','Creation d\'une facture.',95,95,0,-5,-5,0),(273,1,'PR0067',1,'FA000135','2022-11-15 06:40:03','Creation d\'une facture.',30,30,0,-15,-15,0),(274,1,'PR0067',1,'ES000012','2022-11-15 06:40:41','Création de l\'Entrée de stock',60,60,0,30,30,0),(275,1,'PR0067',1,'ES000012','2022-11-15 06:43:59','Annulation de l\'Entrée de stock',30,30,0,-30,-30,0),(276,1,'PR0067',1,'ES000013','2022-11-15 07:10:51','Création de l\'Entrée de stock',60,60,0,30,30,0),(277,1,'PR0067',1,'ES000013','2022-11-15 08:11:23','Annulation de l\'Entrée de stock',30,30,0,-30,-30,0),(278,1,'PR0067',1,'ES000013','2022-11-15 08:14:00','Reactivation de l\'Entrée de stock',60,60,0,30,30,0),(279,1,'PR0067',1,'ES000013','2022-11-15 08:15:04','Annulation de l\'Entrée de stock',30,30,0,-30,-30,0),(280,1,'PR0067',1,'ES000013','2022-11-15 08:22:58','Reactivation de l\'Entrée de stock',60,60,0,30,30,0),(281,1,'PR0067',1,'ES000013','2022-11-15 08:23:19','Annulation de l\'Entrée de stock',30,30,0,-30,-30,0),(282,1,'PR0067',1,'ES000013','2022-11-15 08:24:25','Reactivation de l\'Entrée de stock',60,60,0,30,30,0),(283,1,'PR0067',1,'ES000013','2022-11-15 08:24:49','Modification de l\'Entrée de stock',30,30,0,-30,-30,0),(284,1,'PR0067',1,'ES000013','2022-11-15 08:34:25','Modification de l\'Entrée de stock',60,60,0,30,30,0),(285,1,'PR0067',1,'ES000013','2022-11-15 08:34:47','Modification de l\'Entrée de stock',30,30,0,-30,-30,0),(286,1,'PR0081',1,NULL,'2022-11-15 11:25:51','Initialisation du stock.',7,7,0,7,7,0),(287,1,'PR0046',1,'FA000136','2022-11-15 11:26:29','Creation d\'une facture.',30,30,5,-5,-5,0),(288,1,'PR0061',1,'FA000136','2022-11-15 11:26:29','Creation d\'une facture.',28,28,0,-10,-10,0),(289,1,'PR0081',1,'FA000136','2022-11-15 11:26:29','Creation d\'une facture.',5,5,0,-2,-2,0),(290,1,'PR0046',1,'OA000010','2022-11-15 11:32:21','Création de l\'ordre d\'achat',30,30,55,0,0,50),(291,1,'PR0081',1,'OA000010','2022-11-15 11:32:21','Création de l\'ordre d\'achat',5,5,25,0,0,25),(292,1,'PR0046',1,'LV000015','2022-11-15 11:35:08','Réception des produits',80,80,5,50,50,-50),(293,1,'PR0081',1,'LV000015','2022-11-15 11:35:08','Réception des produits',25,25,5,20,20,-20),(294,1,'PR0081',1,'LV000016','2022-11-15 11:35:48','Réception des produits',30,30,0,5,5,-5),(295,1,'PR0081',1,'ES000014','2022-11-15 11:37:00','Création de l\'Entrée de stock',45,45,0,15,15,0),(296,1,'PR0081',1,NULL,'2022-11-15 11:38:01','Mise à jour Manuel du niveau de stock',40,40,0,-5,-5,0),(297,1,'PR0046',1,'FA000137','2022-11-15 12:00:46','Creation d\'une facture.',65,65,5,-15,-15,0),(298,1,'PR0081',1,'FA000137','2022-11-15 12:00:46','Creation d\'une facture.',30,30,0,-10,-10,0),(299,1,'PR0082',1,NULL,'2022-11-15 12:11:19','Initialisation du stock.',48,48,0,48,48,0),(300,1,'PR0081',1,'FA000138','2022-11-15 12:13:07','Creation d\'une facture.',28,28,0,-2,-2,0),(301,1,'PR0082',1,'FA000138','2022-11-15 12:13:07','Creation d\'une facture.',43,43,0,-5,-5,0),(302,1,'PR0082',1,'FA000138','2022-11-15 12:14:59','Modification d\'une facture',42,42,0,-1,-1,0),(303,1,'PR0060',1,'FA000139','2022-11-15 12:38:16','Creation d\'une facture.',52,52,0,-8,-8,0),(304,1,'PR0081',1,'FA000139','2022-11-15 12:38:16','Creation d\'une facture.',23,23,0,-5,-5,0),(305,1,'PR0083',1,NULL,'2022-11-15 13:03:08','Initialisation du stock.',50,50,0,50,50,0),(306,1,'PR0083',1,'FA000140','2022-11-15 13:15:54','Creation d\'une facture.',40,40,0,-10,-10,0),(307,1,'PR0046',1,'FA000141','2022-11-15 13:45:53','Creation d\'une facture.',53,53,5,-12,-12,0),(308,1,'PR0081',1,'FA000142','2022-11-15 14:02:44','Creation d\'une facture.',18,18,0,-5,-5,0),(309,1,'PR0046',1,'FA000143','2022-11-17 18:12:47','Creation d\'une facture.',38,38,5,-15,-15,0),(310,1,'PR0054',1,'FA000143','2022-11-17 18:12:47','Creation d\'une facture.',912,912,0,-70,-70,0),(311,1,'PR0084',1,NULL,'2022-11-18 12:51:37','Initialisation du stock.',50,50,0,50,50,0),(312,1,'PR0085',1,NULL,'2022-11-18 13:04:15','Initialisation du stock.',500,500,0,500,500,0),(313,1,'PR0086',1,NULL,'2022-11-18 13:53:36','Initialisation du stock.',0,0,0,0,0,0),(314,1,'PR0086',1,'ES000015','2022-11-18 14:04:51','Création de l\'Entrée de stock',19,19,0,19,19,0),(315,4,'PR0054',1,'FA000144','2022-11-19 14:34:13','Creation d\'une facture.',837,837,0,-75,-75,0),(316,1,'PR0003',1,'FA000139','2022-11-19 17:16:34','Modification d\'une facture',200,206,126,-2,-2,0),(317,1,'PR0009',1,'FA000139','2022-11-19 17:16:34','Modification d\'une facture',797,480,560,-2,-2,0),(318,1,'PR0017',1,'FA000139','2022-11-19 17:16:34','Modification d\'une facture',142,142,10,-10,-10,0),(319,1,'PR0025',1,'FA000139','2022-11-19 17:16:34','Modification d\'une facture',36,26,0,-20,-20,0),(320,1,'PR0027',1,'FA000139','2022-11-19 17:16:34','Modification d\'une facture',41,19,0,-2,-2,0),(321,1,'PR0029',1,'FA000139','2022-11-19 17:16:34','Modification d\'une facture',9350,9115,11,-200,-200,0),(322,1,'PR0031',1,'FA000139','2022-11-19 17:16:34','Modification d\'une facture',99,99,0,-1,-1,0),(323,1,'PR0048',1,'FA000139','2022-11-19 17:16:34','Modification d\'une facture',-11,-11,0,-1,-1,0),(324,1,'PR0054',1,'FA000139','2022-11-19 17:16:34','Modification d\'une facture',826,826,0,-11,-11,0),(325,1,'PR0060',1,'FA000139','2022-11-19 17:16:34','Modification d\'une facture',51,51,0,-1,-1,0),(326,1,'PR0067',1,'FA000139','2022-11-19 17:16:34','Modification d\'une facture',29,29,0,-1,-1,0),(327,1,'PR0071',1,'FA000139','2022-11-19 17:16:34','Modification d\'une facture',29,29,0,-1,-1,0),(328,1,'PR0072',1,'FA000139','2022-11-19 17:16:35','Modification d\'une facture',29,29,0,-1,-1,0),(329,1,'PR0073',1,'FA000139','2022-11-19 17:16:35','Modification d\'une facture',44,44,0,-1,-1,0),(330,1,'PR0075',1,'FA000139','2022-11-19 17:16:35','Modification d\'une facture',28,28,0,-1,-1,0),(331,1,'PR0003',1,'FA000139','2022-11-19 17:22:33','Modification d\'une facture',202,208,126,2,2,0),(332,1,'PR0009',1,'FA000139','2022-11-19 17:22:33','Modification d\'une facture',799,482,560,2,2,0),(333,1,'PR0017',1,'FA000139','2022-11-19 17:22:33','Modification d\'une facture',152,152,10,10,10,0),(334,1,'PR0025',1,'FA000139','2022-11-19 17:22:33','Modification d\'une facture',56,46,0,20,20,0),(335,1,'PR0027',1,'FA000139','2022-11-19 17:22:33','Modification d\'une facture',43,21,0,2,2,0),(336,1,'PR0029',1,'FA000139','2022-11-19 17:22:33','Modification d\'une facture',9550,9315,11,200,200,0),(337,1,'PR0031',1,'FA000139','2022-11-19 17:22:33','Modification d\'une facture',100,100,0,1,1,0),(338,1,'PR0048',1,'FA000139','2022-11-19 17:22:33','Modification d\'une facture',-10,-10,0,1,1,0),(339,1,'PR0054',1,'FA000139','2022-11-19 17:22:33','Modification d\'une facture',837,837,0,11,11,0),(340,1,'PR0067',1,'FA000139','2022-11-19 17:22:33','Modification d\'une facture',30,30,0,1,1,0),(341,1,'PR0071',1,'FA000139','2022-11-19 17:22:33','Modification d\'une facture',30,30,0,1,1,0),(342,1,'PR0072',1,'FA000139','2022-11-19 17:22:33','Modification d\'une facture',30,30,0,1,1,0),(343,1,'PR0073',1,'FA000139','2022-11-19 17:22:33','Modification d\'une facture',45,45,0,1,1,0),(344,1,'PR0075',1,'FA000139','2022-11-19 17:22:33','Modification d\'une facture',29,29,0,1,1,0),(345,4,'PR0054',1,'FA000145','2022-11-19 20:01:20','Creation d\'une facture.',812,812,0,-25,-25,0),(346,1,'PR0001',1,'BC000033','2022-11-19 20:03:37','Création du bon de commande',1992,1737,0,0,-5,0),(347,4,'PR0054',1,'BC000034','2022-11-19 20:17:00','Création du bon de commande',812,787,0,0,-25,0),(348,1,'PR0060',1,'FA000146','2022-11-19 20:18:56','Creation d\'une facture.',46,46,0,-5,-5,0),(349,1,'PR0060',1,'BC000035','2022-11-19 20:27:04','Création du bon de commande',46,40,0,0,-6,0),(350,4,'PR0001',1,'BC000036','2022-11-19 20:31:52','Création du bon de commande',1992,937,0,0,-800,0),(351,1,'PR0060',1,'FA000149','2022-11-22 09:08:43','Creation d\'une facture.',26,20,0,-20,-20,0),(352,1,'PR0054',1,'BC000037','2022-11-22 11:52:48','Création du bon de commande',812,685,0,0,-102,0),(353,1,'PR0087',1,NULL,'2022-11-23 10:32:48','Initialisation du stock.',10,10,0,10,10,0),(354,1,'PR0087',1,'FA000149','2022-11-23 10:33:16','Modification d\'une facture',8,8,0,-2,-2,0),(355,1,'PR0045',1,'FA000151','2022-11-24 09:51:55','Creation d\'une facture.',110,110,0,-18,-18,0),(356,1,'PR0088',1,NULL,'2022-11-24 12:35:39','Initialisation du stock.',0,0,0,0,0,0),(357,1,'PR0085',1,'FA000152','2022-11-24 16:13:58','Creation d\'une facture.',499,499,0,-1,-1,0),(358,1,'PR0054',1,'MS000005','2022-11-24 19:37:49','Création du mouvement de stock',762,635,0,-50,-50,0),(359,1,'PR0054',2,'MS000005','2022-11-24 19:37:49','Création du mouvement de stock',50,50,0,50,50,0),(360,1,'PR0009',1,'FA000153','2022-11-24 19:39:22','Creation d\'une facture.',784,467,560,-15,-15,0),(361,NULL,'PR0054',1,'MS000005','2022-11-25 15:01:33','Annulation du mouvement de stock',812,670,0,50,50,0),(362,NULL,'PR0054',2,'MS000005','2022-11-25 15:01:33','Annulation du mouvement de stock',0,0,0,-50,-50,0),(363,NULL,'PR0054',1,'BC000038','2022-11-25 15:04:25','Création du bon de commande',812,660,0,0,-10,0),(364,NULL,'PR0061',1,'BC000038','2022-11-25 15:05:32','Création du bon de commande',28,27,0,0,-1,0),(365,NULL,'PR0054',1,'BC000038','2022-11-25 15:06:27','Création du bon de commande',812,655,0,0,-5,0),(366,NULL,'PR0054',1,'BC000038','2022-11-25 15:07:20','Création du bon de commande',812,650,0,0,-5,0),(367,1,'PR0054',1,'BC000038','2022-11-25 15:12:53','Création du bon de commande',812,649,0,0,-1,0),(368,1,'PR0054',1,'BC000039','2022-11-25 18:02:04','Création du bon de commande',812,644,0,0,-5,0),(369,1,'PR0060',1,'BC000039','2022-11-25 18:02:04','Création du bon de commande',26,19,0,0,-1,0),(370,1,'PR0089',1,'BC000039','2022-11-25 18:02:04','Création du bon de commande',20000000,20000000,0,0,-4,0),(371,1,'PR0054',1,'BL000040','2022-11-25 18:02:33','Changement du statut du bon de livraison.',807,644,0,-5,0,0),(372,1,'PR0060',1,'BL000040','2022-11-25 18:02:33','Changement du statut du bon de livraison.',25,19,0,-1,0,0),(373,1,'PR0089',1,'BL000040','2022-11-25 18:02:33','Changement du statut du bon de livraison.',20000000,20000000,0,-4,0,0),(374,1,'PR0054',1,'BL000040','2022-11-25 18:54:25','Annulation du bon de livraison',812,644,0,5,0,0),(375,1,'PR0060',1,'BL000040','2022-11-25 18:54:25','Annulation du bon de livraison',26,19,0,1,0,0),(376,1,'PR0060',1,'FA000156','2022-11-25 19:00:24','Creation d\'une facture.',16,9,0,-10,-10,0);
/*!40000 ALTER TABLE `registre_stock` ENABLE KEYS */;
UNLOCK TABLES;

--
-- Table structure for table `stockage`
--

DROP TABLE IF EXISTS `stockage`;
/*!40101 SET @saved_cs_client     = @@character_set_client */;
/*!50503 SET character_set_client = utf8mb4 */;
CREATE TABLE `stockage` (
  `id_stockage` int(10) NOT NULL AUTO_INCREMENT,
  `nom` varchar(30) NOT NULL,
  `etat` varchar(30) DEFAULT 'actif',
  `description` varchar(255) DEFAULT NULL,
  `statut` varchar(30) DEFAULT NULL,
  `adresse` varchar(80) DEFAULT NULL,
  `telephone` varchar(45) DEFAULT NULL,
  PRIMARY KEY (`id_stockage`),
  UNIQUE KEY `nom` (`nom`)
) ENGINE=InnoDB AUTO_INCREMENT=3 DEFAULT CHARSET=utf8mb4;
/*!40101 SET character_set_client = @saved_cs_client */;

--
-- Dumping data for table `stockage`
--

LOCK TABLES `stockage` WRITE;
/*!40000 ALTER TABLE `stockage` DISABLE KEYS */;
INSERT INTO `stockage` VALUES (1,'Agence de Ngousso','actif',NULL,NULL,NULL,NULL),(2,'Grand Malll','actif','tres bon stockage',NULL,'santa barbara','651294896');
/*!40000 ALTER TABLE `stockage` ENABLE KEYS */;
UNLOCK TABLES;

--
-- Table structure for table `taxe`
--

DROP TABLE IF EXISTS `taxe`;
/*!40101 SET @saved_cs_client     = @@character_set_client */;
/*!50503 SET character_set_client = utf8mb4 */;
CREATE TABLE `taxe` (
  `id` int(11) NOT NULL AUTO_INCREMENT,
  `nom` varchar(50) DEFAULT NULL,
  `abreviation` varchar(30) DEFAULT NULL,
  `taux` float DEFAULT NULL,
  `etat` varchar(30) DEFAULT 'actif',
  PRIMARY KEY (`id`)
) ENGINE=InnoDB AUTO_INCREMENT=7 DEFAULT CHARSET=utf8mb4;
/*!40101 SET character_set_client = @saved_cs_client */;

--
-- Dumping data for table `taxe`
--

LOCK TABLES `taxe` WRITE;
/*!40000 ALTER TABLE `taxe` DISABLE KEYS */;
INSERT INTO `taxe` VALUES (1,'Taxe sur la valeur ajouter','TVA',19.25,NULL),(2,'Impôt sur le Revnue des personnes physique ','IRPP',5.5,'actif'),(3,'Taxe sur la valeur ajouter','TVA',20,'supprimer'),(4,'Steve','stv',19.25,'supprimer'),(5,'Impot sur la fortune','isf',35,'supprimer'),(6,'Ipomtb ','f41 ',20,'supprimer');
/*!40000 ALTER TABLE `taxe` ENABLE KEYS */;
UNLOCK TABLES;

--
-- Table structure for table `utilisateur`
--

DROP TABLE IF EXISTS `utilisateur`;
/*!40101 SET @saved_cs_client     = @@character_set_client */;
/*!50503 SET character_set_client = utf8mb4 */;
CREATE TABLE `utilisateur` (
  `id` int(11) NOT NULL AUTO_INCREMENT,
  `nom` varchar(50) DEFAULT NULL,
  `non_affichage` varchar(50) DEFAULT NULL,
  `statut` varchar(50) DEFAULT NULL,
  `login` varchar(30) DEFAULT NULL,
  `password` varchar(255) DEFAULT NULL,
  `telephone` varchar(50) DEFAULT NULL,
  `adresse` varchar(150) DEFAULT NULL,
  `etat` varchar(30) DEFAULT NULL,
  `email` varchar(100) DEFAULT NULL,
  `produit_rupture` varchar(45) DEFAULT NULL,
  `change_prix` varchar(45) DEFAULT NULL,
  `profil` varchar(45) DEFAULT NULL,
  `faire_reduction` varchar(45) DEFAULT NULL,
  `prix_inferieur_min` varchar(45) DEFAULT NULL,
  `bilan_vente` varchar(45) DEFAULT NULL,
  PRIMARY KEY (`id`),
  UNIQUE KEY `nom` (`nom`)
) ENGINE=InnoDB AUTO_INCREMENT=7 DEFAULT CHARSET=utf8mb4;
/*!40101 SET character_set_client = @saved_cs_client */;

--
-- Dumping data for table `utilisateur`
--

LOCK TABLES `utilisateur` WRITE;
/*!40000 ALTER TABLE `utilisateur` DISABLE KEYS */;
INSERT INTO `utilisateur` VALUES (1,'Steve Tadjou','Steve Tadjou',NULL,'steve','bcce570e092e1a1b57fc83b8100e3c6c','+237699134647',NULL,NULL,'stadjou@gmail.com','autoriser',NULL,'Administrateur principale',NULL,'autoriser','autoriser'),(2,'fonkou','fonkou',NULL,'bruno','29354e19292a4eecdf0bb099c24e263b','685496232',NULL,NULL,NULL,'autoriser','autoriser','Administrateur secondaire','autoriser','autoriser','autoriser'),(3,'root',NULL,NULL,NULL,'0a50d794ee6b5fa40e04ae2ed0a3953b',NULL,NULL,NULL,NULL,NULL,NULL,'root',NULL,NULL,'autoriser'),(4,'robert','robert','Actif','robert','cb201364f4cd72d88fc86402ffbaf5b0',NULL,NULL,NULL,NULL,NULL,NULL,'Vendeur',NULL,NULL,NULL),(5,'gustave','gustave',NULL,'gustave','12f55885e08be7689e710b63ac54108f',NULL,NULL,NULL,NULL,'autoriser',NULL,'Vendeur',NULL,'autoriser',NULL),(6,'gerome','gerome','Bloqué','gerome','1756e467908b30ef1f56859df3bf71e2',NULL,NULL,NULL,NULL,NULL,NULL,'Vendeur',NULL,NULL,NULL);
/*!40000 ALTER TABLE `utilisateur` ENABLE KEYS */;
UNLOCK TABLES;

--
-- Table structure for table `utilisateur_stockage`
--

DROP TABLE IF EXISTS `utilisateur_stockage`;
/*!40101 SET @saved_cs_client     = @@character_set_client */;
/*!50503 SET character_set_client = utf8mb4 */;
CREATE TABLE `utilisateur_stockage` (
  `id` int(11) NOT NULL AUTO_INCREMENT,
  `id_Utilisateur` int(11) NOT NULL,
  `id_stockage` int(10) NOT NULL,
  PRIMARY KEY (`id`),
  KEY `FKUtilisateu795077` (`id_Utilisateur`),
  KEY `FKUtilisateu907135` (`id_stockage`),
  CONSTRAINT `FKUtilisateu795077` FOREIGN KEY (`id_Utilisateur`) REFERENCES `utilisateur` (`id`),
  CONSTRAINT `FKUtilisateu907135` FOREIGN KEY (`id_stockage`) REFERENCES `stockage` (`id_stockage`)
) ENGINE=InnoDB AUTO_INCREMENT=7 DEFAULT CHARSET=utf8mb4;
/*!40101 SET character_set_client = @saved_cs_client */;

--
-- Dumping data for table `utilisateur_stockage`
--

LOCK TABLES `utilisateur_stockage` WRITE;
/*!40000 ALTER TABLE `utilisateur_stockage` DISABLE KEYS */;
INSERT INTO `utilisateur_stockage` VALUES (1,1,1),(2,1,2),(3,2,2),(4,4,1),(5,5,2),(6,6,2);
/*!40000 ALTER TABLE `utilisateur_stockage` ENABLE KEYS */;
UNLOCK TABLES;
/*!40103 SET TIME_ZONE=@OLD_TIME_ZONE */;

/*!40101 SET SQL_MODE=@OLD_SQL_MODE */;
/*!40014 SET FOREIGN_KEY_CHECKS=@OLD_FOREIGN_KEY_CHECKS */;
/*!40014 SET UNIQUE_CHECKS=@OLD_UNIQUE_CHECKS */;
/*!40101 SET CHARACTER_SET_CLIENT=@OLD_CHARACTER_SET_CLIENT */;
/*!40101 SET CHARACTER_SET_RESULTS=@OLD_CHARACTER_SET_RESULTS */;
/*!40101 SET COLLATION_CONNECTION=@OLD_COLLATION_CONNECTION */;
/*!40111 SET SQL_NOTES=@OLD_SQL_NOTES */;

-- Dump completed on 2022-11-25 22:25:23
